PLAYER_ID,PLAYER_NAME,TEAM_ID,TEAM_ABBREVIATION,AGE,GP,W,L,MIN,PTS,REB,AST,STL,BLK,TOV,PF,FGM,FGA,FG_PCT,FG3M,FG3A,FG3_PCT,FTM,FTA,FT_PCT,OREB,DREB,PLUS_MINUS,Fantasy Points per 36
1631260,AJ Green,1610612749,MIL,26.0,5,4,1,28.1,11.8,2.4,0.6,0.4,0.0,1.2,3.2,3.8,6.4,0.594,3.2,5.8,0.552,1.0,1.4,0.714,0.0,2.4,7.4,23.8
1642358,AJ Johnson,1610612764,WAS,20.0,3,0,3,3.2,0.0,0.3,0.3,0.0,0.0,0.0,0.3,0.0,0.7,0.0,0.0,0.0,0.0,0.0,0.0,0.0,0.0,0.3,-0.3,2.2
203932,Aaron Gordon,1610612743,DEN,30.0,4,3,1,29.8,21.3,5.5,2.3,0.8,0.3,1.5,1.5,6.8,11.8,0.574,3.0,5.8,0.522,4.8,4.8,1.0,0.3,5.3,10.8,45.4
1628988,Aaron Holiday,1610612745,HOU,29.0,1,1,0,7.2,5.0,0.0,0.0,0.0,0.0,0.0,0.0,2.0,3.0,0.667,1.0,2.0,0.5,0.0,0.0,0.0,0.0,0.0,-1.0,35.0
1630174,Aaron Nesmith,1610612754,IND,26.0,4,0,4,32.5,10.8,4.8,1.0,0.0,0.5,0.5,2.8,3.8,12.8,0.294,2.8,7.5,0.367,0.5,1.8,0.286,1.5,3.3,-2.8,16.5
1630598,Aaron Wiggins,1610612760,OKC,26.0,6,6,0,28.0,13.2,4.7,2.5,0.2,1.0,1.5,1.8,5.0,11.8,0.423,2.2,6.7,0.325,1.0,1.3,0.75,1.3,3.3,5.5,31.8
1642846,Ace Bailey,1610612762,UTA,19.0,4,2,2,15.6,4.0,2.5,1.5,0.0,0.3,0.5,1.3,1.5,6.0,0.25,0.5,2.3,0.222,0.5,0.5,1.0,1.0,1.5,-10.8,16.6
1641737,Adem Bona,1610612755,PHI,22.0,4,4,0,17.2,2.5,3.0,0.8,0.3,2.3,0.8,1.5,0.8,1.8,0.429,0.0,0.0,0.0,1.0,1.8,0.571,1.5,1.5,6.0,31.1
1642349,Ajay Mitchell,1610612760,OKC,23.0,6,6,0,27.2,18.5,3.3,2.8,1.3,0.2,1.2,3.0,6.8,14.8,0.461,1.7,5.0,0.333,3.2,3.2,1.0,1.0,2.3,4.5,41.6
201143,Al Horford,1610612744,GSW,39.0,4,3,1,22.5,5.8,3.5,1.3,0.5,0.8,1.8,2.3,2.3,6.3,0.36,1.3,3.8,0.333,0.0,0.0,0.0,1.3,2.3,-9.0,20.9
1627936,Alex Caruso,1610612760,OKC,31.0,3,3,0,23.5,5.3,2.0,2.7,2.3,0.7,0.7,1.0,1.7,6.3,0.263,1.3,4.7,0.286,0.7,0.7,1.0,0.3,1.7,4.0,33.2
1642259,Alex Sarr,1610612764,WAS,20.0,5,1,4,27.3,18.4,8.6,4.0,0.8,2.0,3.0,2.0,7.4,13.8,0.536,1.2,2.8,0.429,2.4,2.8,0.857,2.2,6.4,-2.6,55.3
1630578,Alperen Sengun,1610612745,HOU,23.0,4,2,2,38.0,23.8,8.0,7.3,2.0,0.8,3.0,2.8,7.5,15.3,0.492,2.0,3.5,0.571,6.8,8.5,0.794,2.3,5.8,15.3,48.8
1642873,Amari Williams,1610612738,BOS,23.0,1,0,1,0.7,0.0,1.0,0.0,0.0,0.0,0.0,0.0,0.0,0.0,0.0,0.0,0.0,0.0,0.0,0.0,0.0,1.0,0.0,0.0,51.4
1641708,Amen Thompson,1610612745,HOU,22.0,4,2,2,33.5,14.5,5.3,5.3,1.0,0.3,2.5,3.5,5.5,12.0,0.458,0.0,2.5,0.0,3.5,5.0,0.7,1.5,3.8,8.3,30.1
1629599,Amir Coffey,1610612749,MIL,28.0,5,4,1,10.3,2.0,1.0,0.4,0.0,0.0,0.2,0.2,0.6,1.2,0.5,0.2,0.6,0.333,0.6,0.6,1.0,0.2,0.8,-1.6,12.5
203083,Andre Drummond,1610612755,PHI,32.0,4,4,0,13.4,4.3,7.5,0.8,0.8,0.8,0.0,2.0,2.0,3.5,0.571,0.0,0.5,0.0,0.3,1.3,0.2,3.5,4.0,0.0,51.8
1641748,Andre Jackson Jr.,1610612749,MIL,23.0,2,1,1,3.4,0.0,0.0,0.0,0.5,0.0,0.0,0.0,0.0,0.0,0.0,0.0,0.0,0.0,0.0,0.0,0.0,0.0,0.0,0.0,21.1
1629614,Andrew Nembhard,1610612754,IND,25.0,1,0,1,16.9,4.0,1.0,4.0,0.0,0.0,2.0,2.0,0.0,5.0,0.0,0.0,2.0,0.0,4.0,4.0,1.0,0.0,1.0,-3.0,8.5
203952,Andrew Wiggins,1610612748,MIA,30.0,5,3,2,30.4,16.4,4.8,2.0,1.4,0.8,2.0,2.2,6.6,12.4,0.532,1.4,4.2,0.333,1.8,3.2,0.563,1.8,3.0,-3.4,36.4
1629014,Anfernee Simons,1610612738,BOS,26.0,5,2,3,28.2,14.8,2.4,1.6,1.0,0.2,1.4,2.2,5.4,11.6,0.466,3.0,7.2,0.417,1.0,1.2,0.833,0.6,1.8,-2.4,31.1
1641710,Anthony Black,1610612753,ORL,21.0,6,2,4,26.4,13.0,3.2,1.8,1.0,0.8,2.8,2.3,4.7,9.2,0.509,1.2,3.3,0.35,2.5,3.8,0.652,0.7,2.5,-0.8,29.3
203076,Anthony Davis,1610612742,DAL,32.0,5,2,3,29.9,20.8,10.2,2.2,1.6,1.2,2.2,2.6,7.8,15.0,0.52,0.6,2.2,0.273,4.6,6.2,0.742,3.4,6.8,-5.4,50.3
1630162,Anthony Edwards,1610612750,MIN,24.0,3,2,1,25.7,25.7,4.0,2.0,0.0,0.7,2.0,1.3,9.0,17.3,0.519,3.0,6.3,0.474,4.7,5.7,0.824,0.3,3.7,0.0,49.3
1630264,Anthony Gill,1610612764,WAS,33.0,2,0,2,1.8,2.0,0.0,0.0,0.0,0.0,0.5,0.5,0.5,0.5,1.0,0.0,0.0,0.0,1.0,1.0,1.0,0.0,0.0,-1.0,30.0
1630574,Ariel Hukporti,1610612752,NYK,23.0,3,1,2,13.4,0.7,3.3,1.3,0.3,0.3,0.7,2.0,0.3,1.3,0.25,0.0,0.0,0.0,0.0,0.0,0.0,1.3,2.0,-3.7,18.5
1642854,Asa Newell,1610612737,ATL,20.0,2,1,1,14.3,8.5,5.0,0.5,0.0,0.0,1.0,3.0,3.0,6.0,0.5,2.0,3.0,0.667,0.5,1.0,0.5,3.5,1.5,3.5,35.2
1641709,Ausar Thompson,1610612765,DET,22.0,5,3,2,27.5,13.8,7.4,4.0,1.0,0.6,1.0,3.6,5.6,12.0,0.467,0.4,1.8,0.222,2.2,3.6,0.611,2.2,5.2,-0.6,41.6
1630559,Austin Reaves,1610612747,LAL,27.0,5,3,2,38.2,34.2,5.6,10.0,1.8,0.0,3.8,2.0,10.4,19.8,0.525,3.0,7.8,0.385,10.4,11.6,0.897,0.4,5.2,4.8,58.6
1630245,Ayo Dosunmu,1610612741,CHI,25.0,4,4,0,25.3,14.8,2.8,1.8,0.0,0.0,0.5,1.8,5.5,10.5,0.524,2.3,4.5,0.5,1.5,1.8,0.857,0.8,2.0,0.0,32.3
1628389,Bam Adebayo,1610612748,MIA,28.0,5,3,2,33.7,23.0,9.2,2.8,0.6,0.2,2.8,2.0,7.8,18.0,0.433,2.6,7.2,0.361,4.8,5.4,0.889,1.4,7.8,13.8,37.3
1631248,Baylor Scheierman,1610612738,BOS,25.0,4,2,2,8.4,0.8,3.0,0.3,0.3,0.0,0.0,0.5,0.3,0.8,0.333,0.3,0.8,0.333,0.0,0.0,0.0,0.5,2.5,2.3,24.4
1642879,Ben Saraf,1610612751,BKN,19.0,5,0,5,18.2,3.2,2.2,3.2,0.4,0.0,1.6,2.6,1.0,4.6,0.217,0.4,2.4,0.167,0.8,1.2,0.667,0.2,2.0,-5.6,15.0
1641767,Ben Sheppard,1610612754,IND,24.0,4,0,4,30.1,8.5,6.8,2.8,0.5,0.3,1.0,3.5,3.0,8.8,0.343,1.0,4.8,0.211,1.5,2.0,0.75,1.8,5.0,-9.3,23.6
1631097,Bennedict Mathurin,1610612754,IND,23.0,2,0,2,36.4,31.0,7.0,2.5,0.0,0.0,2.5,3.0,8.5,15.5,0.548,2.5,5.0,0.5,11.5,13.0,0.885,1.5,5.5,-4.5,40.0
1641731,Bilal Coulibaly,1610612764,WAS,21.0,1,0,1,24.4,16.0,8.0,4.0,1.0,3.0,4.0,0.0,6.0,12.0,0.5,2.0,7.0,0.286,2.0,2.0,1.0,1.0,7.0,-12.0,61.9
202687,Bismack Biyombo,1610612759,SAS,33.0,4,4,0,9.5,0.5,1.0,0.3,0.8,0.0,0.5,2.0,0.3,0.3,1.0,0.0,0.0,0.0,0.0,0.0,0.0,0.5,0.5,-2.5,17.4
1631104,Blake Wesley,1610612757,POR,22.0,5,3,2,17.7,6.2,2.8,3.4,1.6,0.2,1.4,2.8,2.4,5.8,0.414,0.4,1.8,0.222,1.0,1.6,0.625,0.4,2.4,-0.8,38.6
1626171,Bobby Portis,1610612749,MIL,30.0,5,4,1,19.2,8.8,5.8,0.8,0.2,0.2,1.4,1.4,3.8,9.8,0.388,1.2,3.2,0.375,0.0,0.0,0.0,1.2,4.6,1.4,26.2
1641752,Bobi Klintman,1610612765,DET,22.0,1,0,1,6.8,2.0,3.0,0.0,2.0,0.0,0.0,0.0,1.0,2.0,0.5,0.0,0.0,0.0,0.0,1.0,0.0,1.0,2.0,12.0,63.5
203992,Bogdan Bogdanovic,1610612746,LAC,33.0,2,1,1,16.5,1.0,3.0,0.5,0.0,0.0,2.5,1.5,0.5,4.5,0.111,0.0,2.5,0.0,0.0,0.0,0.0,1.0,2.0,1.0,-7.6
1630538,Bones Hyland,1610612750,MIN,25.0,5,2,3,13.4,5.6,1.2,1.6,0.6,0.0,1.6,2.0,2.2,4.6,0.478,1.0,2.8,0.357,0.2,0.4,0.5,0.2,1.0,-0.8,26.3
203078,Bradley Beal,1610612746,LAC,32.0,2,1,1,20.2,5.5,1.0,1.0,0.5,0.0,1.0,2.5,2.0,4.5,0.444,0.5,2.0,0.25,1.0,1.0,1.0,0.5,0.5,-3.5,15.1
1642382,Branden Carlson,1610612760,OKC,26.0,4,4,0,2.6,1.3,0.8,0.3,0.0,0.0,0.0,0.5,0.5,0.5,1.0,0.3,0.3,1.0,0.0,0.0,0.0,0.0,0.8,1.0,48.4
1641764,Brandin Podziemski,1610612744,GSW,22.0,6,4,2,28.9,11.7,4.8,2.7,1.5,0.2,1.2,1.7,4.3,9.5,0.456,2.0,4.8,0.414,1.0,1.7,0.6,0.8,4.0,2.3,33.2
1627742,Brandon Ingram,1610612761,TOR,28.0,5,1,4,32.3,22.0,5.2,3.6,1.0,0.4,3.2,3.0,8.6,15.8,0.544,2.0,4.4,0.455,2.8,3.2,0.875,0.6,4.6,-9.6,40.7
1641706,Brandon Miller,1610612766,CHA,22.0,2,1,1,19.9,14.5,0.0,4.0,0.5,0.5,1.5,2.5,5.0,12.5,0.4,1.0,5.5,0.182,3.5,5.0,0.7,0.0,0.0,1.0,37.0
1630314,Brandon Williams,1610612742,DAL,25.0,3,1,2,13.6,6.7,2.3,1.7,0.7,0.3,1.0,1.3,3.0,5.7,0.529,0.0,0.7,0.0,0.7,1.3,0.5,0.3,2.0,-1.3,37.3
1641729,Brice Sensabaugh,1610612762,UTA,22.0,4,2,2,17.5,10.8,3.8,1.3,0.5,0.3,1.0,1.8,3.8,8.0,0.469,1.8,5.3,0.333,1.5,1.5,1.0,0.0,3.8,-8.3,40.7
1642355,Bronny James,1610612747,LAL,21.0,3,2,1,9.3,0.0,1.0,1.0,0.3,0.3,1.3,1.3,0.0,1.0,0.0,0.0,0.0,0.0,0.0,0.0,0.0,0.3,0.7,-0.7,6.9
201572,Brook Lopez,1610612746,LAC,37.0,4,2,2,16.8,7.3,3.8,0.5,0.3,1.3,0.8,1.8,2.5,7.0,0.357,2.0,5.8,0.348,0.3,0.5,0.5,0.5,3.3,0.0,35.7
1642964,Brooks Barnhizer,1610612760,OKC,23.0,5,5,0,8.1,1.2,1.2,0.0,0.0,0.0,0.0,1.2,0.6,1.4,0.429,0.0,0.0,0.0,0.0,0.0,0.0,0.2,1.0,-3.4,9.7
1628971,Bruce Brown,1610612743,DEN,29.0,4,3,1,18.2,5.5,4.3,2.0,1.0,0.3,1.0,2.8,2.3,4.0,0.563,0.8,1.5,0.5,0.3,0.5,0.5,1.5,2.8,6.8,36.0
1631121,Bryce McGowens,1610612740,NOP,22.0,2,0,2,4.7,1.0,0.0,0.5,0.0,0.0,0.0,0.0,0.0,1.0,0.0,0.0,0.5,0.0,1.0,1.0,1.0,0.0,0.0,-2.0,7.6
1642267,Bub Carrington,1610612764,WAS,20.0,5,1,4,28.2,7.0,4.0,3.2,1.2,0.2,1.8,3.4,2.2,6.8,0.324,1.2,2.6,0.462,1.4,2.0,0.7,0.2,3.8,-6.8,22.4
1627741,Buddy Hield,1610612744,GSW,32.0,6,4,2,17.1,7.5,1.5,1.2,0.7,0.0,0.7,0.8,2.8,6.8,0.415,1.3,4.7,0.286,0.5,0.5,1.0,0.3,1.2,0.8,27.1
203468,CJ McCollum,1610612764,WAS,34.0,5,1,4,31.2,14.4,3.4,4.2,0.4,0.0,1.0,2.2,4.8,13.2,0.364,2.4,7.0,0.343,2.4,3.0,0.8,0.8,2.6,-2.4,27.6
1630595,Cade Cunningham,1610612765,DET,24.0,5,3,2,35.2,22.2,5.6,8.2,0.8,1.2,4.4,3.6,7.6,19.2,0.396,1.6,6.6,0.242,5.4,6.6,0.818,1.2,4.4,2.4,40.7
1631216,Caleb Houstan,1610612737,ATL,22.0,1,0,1,2.1,0.0,0.0,0.0,0.0,0.0,0.0,0.0,0.0,0.0,0.0,0.0,0.0,0.0,0.0,0.0,0.0,0.0,0.0,1.0,0.0
1631126,Caleb Love,1610612757,POR,24.0,2,2,0,9.6,5.0,2.5,2.5,0.0,0.0,0.0,0.0,2.0,7.0,0.286,1.0,4.0,0.25,0.0,0.0,0.0,0.0,2.5,0.0,39.3
1628997,Caleb Martin,1610612742,DAL,30.0,4,2,2,8.4,2.5,1.0,0.8,0.8,0.0,0.8,2.0,1.0,2.0,0.5,0.3,0.8,0.333,0.3,0.5,0.5,0.5,0.5,-1.8,29.1
1642353,Cam Christie,1610612746,LAC,20.0,3,1,2,6.2,3.0,1.3,0.3,0.0,0.0,0.3,0.0,0.7,2.3,0.286,0.7,1.3,0.5,1.0,1.3,0.75,0.3,1.0,4.3,22.0
1642285,Cam Spencer,1610612763,MEM,25.0,5,3,2,15.2,6.8,2.4,3.4,0.4,0.0,0.8,1.6,2.0,5.0,0.4,1.8,3.6,0.5,1.0,1.2,0.833,0.2,2.2,-1.4,39.3
1630560,Cam Thomas,1610612751,BKN,24.0,5,0,5,30.3,23.4,1.6,3.2,0.4,0.2,2.4,2.0,6.8,17.4,0.391,2.2,6.8,0.324,7.6,8.8,0.864,0.2,1.4,-10.4,31.1
1641715,Cam Whitmore,1610612764,WAS,21.0,5,1,4,16.9,9.6,3.4,1.0,1.0,0.0,1.2,1.0,4.0,9.4,0.426,0.8,2.8,0.286,0.8,1.0,0.8,1.0,2.4,-6.0,33.6
1629661,Cameron Johnson,1610612743,DEN,29.0,4,3,1,25.7,8.0,2.5,1.5,0.5,0.0,1.0,3.3,2.5,6.5,0.385,1.3,4.0,0.313,1.8,2.0,0.875,0.5,2.0,1.5,18.3
1627747,Caris LeVert,1610612765,DET,31.0,2,1,1,18.5,6.0,1.0,2.0,0.5,0.0,1.0,1.0,2.0,6.0,0.333,0.5,2.5,0.2,1.5,2.5,0.6,0.0,1.0,-0.5,16.5
1642868,Carter Bryant,1610612759,SAS,19.0,4,4,0,7.1,1.3,0.8,0.0,0.0,0.3,0.8,0.8,0.3,1.5,0.167,0.3,0.8,0.333,0.5,0.5,1.0,0.0,0.8,1.5,5.5
1641717,Cason Wallace,1610612760,OKC,21.0,5,5,0,30.8,8.2,4.2,3.8,2.6,0.6,1.2,2.4,2.8,8.4,0.333,1.6,5.0,0.32,1.0,1.2,0.833,0.8,3.4,6.0,33.8
1642907,Cedric Coward,1610612763,MEM,22.0,5,3,2,24.4,16.0,3.8,2.0,1.0,0.6,0.8,2.4,5.6,8.6,0.651,2.2,3.4,0.647,2.6,2.8,0.929,1.0,2.8,10.8,48.9
1642404,Chaz Lanier,1610612765,DET,23.0,4,3,1,7.9,2.8,0.3,0.5,0.3,0.0,0.3,0.0,1.0,2.8,0.364,0.8,2.3,0.333,0.0,0.0,0.0,0.3,0.0,-0.5,21.4
1631096,Chet Holmgren,1610612760,OKC,23.0,4,4,0,34.2,23.0,10.3,1.8,1.3,1.3,3.0,4.0,7.3,12.8,0.569,2.5,6.0,0.417,6.0,7.0,0.857,2.3,8.0,7.8,46.9
1628449,Chris Boucher,1610612738,BOS,32.0,4,1,3,10.9,1.5,2.3,0.5,0.5,1.3,0.3,1.3,0.5,2.5,0.2,0.0,1.5,0.0,0.5,0.5,1.0,0.3,2.0,-2.8,32.6
1643024,Chris Manon,1610612747,LAL,23.0,2,1,1,3.5,0.0,1.0,0.0,0.0,0.5,0.0,1.0,0.0,0.5,0.0,0.0,0.5,0.0,0.0,0.0,0.0,0.0,1.0,1.0,25.7
101108,Chris Paul,1610612746,LAC,40.0,4,2,2,14.9,2.5,1.5,4.0,1.8,0.0,1.0,2.3,0.8,3.0,0.25,0.8,2.5,0.3,0.3,0.3,1.0,0.8,0.8,-4.8,40.1
1642959,Chris Youngblood,1610612760,OKC,23.0,6,6,0,4.3,1.2,0.3,0.2,0.0,0.0,0.0,0.7,0.2,0.8,0.2,0.2,0.8,0.2,0.7,0.7,1.0,0.0,0.3,3.0,14.2
1631128,Christian Braun,1610612743,DEN,24.0,4,3,1,31.0,12.5,4.0,2.8,1.0,0.3,1.0,2.5,5.0,9.8,0.513,0.5,2.0,0.25,2.0,2.0,1.0,2.3,1.8,8.8,30.1
1631132,Christian Koloko,1610612747,LAL,25.0,2,1,1,3.2,0.0,0.5,0.0,0.0,0.0,0.0,0.5,0.0,0.0,0.0,0.0,0.0,0.0,0.0,0.0,0.0,0.0,0.5,-6.0,5.6
203991,Clint Capela,1610612745,HOU,31.0,4,2,2,7.9,4.5,2.0,0.0,0.3,0.5,0.3,0.8,1.8,2.0,0.875,0.0,0.0,0.0,1.0,1.0,1.0,1.0,1.0,1.0,48.7
1642262,Cody Williams,1610612762,UTA,20.0,2,1,1,7.2,2.0,0.5,1.0,0.0,0.0,1.0,2.5,1.0,1.0,1.0,0.0,0.0,0.0,0.0,0.0,0.0,0.0,0.5,7.0,17.5
1641732,Colby Jones,1610612765,DET,23.0,1,0,1,6.8,2.0,4.0,2.0,0.0,0.0,0.0,1.0,1.0,3.0,0.333,0.0,2.0,0.0,0.0,0.0,0.0,0.0,4.0,12.0,47.6
1630175,Cole Anthony,1610612749,MIL,25.0,4,4,0,21.1,13.0,3.3,5.8,0.8,0.8,1.5,4.5,5.5,10.3,0.537,1.3,4.5,0.278,0.8,1.8,0.429,0.5,2.8,5.0,55.1
1631221,Collin Gillespie,1610612756,PHX,26.0,5,1,4,25.4,11.0,3.6,5.6,1.4,0.8,1.6,0.8,4.0,9.6,0.417,2.6,7.0,0.371,0.4,0.6,0.667,1.0,2.6,-1.0,45.6
1642867,Collin Murray-Boyles,1610612761,TOR,20.0,3,0,3,20.8,10.7,2.0,1.0,1.0,0.3,1.0,2.3,4.0,8.3,0.48,2.0,3.3,0.6,0.7,1.3,0.5,1.0,1.0,-14.0,32.8
1629012,Collin Sexton,1610612766,CHA,26.0,5,2,3,26.5,18.6,2.4,4.6,0.8,0.0,2.4,3.0,6.0,10.0,0.6,1.8,2.8,0.643,4.8,6.0,0.8,0.2,2.2,-0.2,42.3
1642843,Cooper Flagg,1610612742,DAL,18.0,5,2,3,32.3,13.4,6.2,2.8,0.8,0.6,2.0,2.6,5.0,12.2,0.41,0.8,3.0,0.267,2.6,2.6,1.0,0.6,5.6,-11.4,28.3
1630557,Corey Kispert,1610612764,WAS,26.0,5,1,4,20.7,7.8,3.4,1.6,0.2,0.2,0.8,1.2,2.8,6.2,0.452,1.4,4.4,0.318,0.8,1.4,0.571,0.2,3.2,-3.4,25.3
1641854,Craig Porter Jr.,1610612739,CLE,25.0,5,3,2,16.7,6.4,2.8,2.2,1.4,0.0,0.8,0.6,2.4,4.2,0.571,1.0,2.2,0.455,0.6,1.0,0.6,1.2,1.6,3.6,40.5
1626156,D'Angelo Russell,1610612742,DAL,29.0,5,2,3,20.6,10.8,2.6,5.4,0.8,0.2,1.8,1.2,3.4,10.4,0.327,0.8,4.4,0.182,3.2,4.6,0.696,0.4,2.2,7.2,35.6
1641747,DaRon Holmes II,1610612743,DEN,23.0,2,2,0,2.2,1.5,0.0,0.0,0.0,0.0,0.0,0.5,0.5,0.5,1.0,0.5,0.5,1.0,0.0,0.0,0.0,0.0,0.0,-1.0,40.9
1631207,Dalen Terry,1610612741,CHI,23.0,2,2,0,4.1,0.0,0.0,0.0,0.0,0.0,0.0,0.0,0.0,1.0,0.0,0.0,0.5,0.0,0.0,0.0,0.0,0.0,0.0,-4.0,-8.7
1642261,Dalton Knecht,1610612747,LAL,24.0,4,3,1,20.3,8.3,1.5,0.5,0.8,1.0,1.0,0.8,3.3,7.3,0.448,0.8,4.0,0.188,1.0,1.3,0.8,0.0,1.5,-3.0,28.0
1642450,Daniss Jenkins,1610612765,DET,24.0,4,3,1,10.3,3.5,0.0,1.5,1.0,0.0,1.0,1.0,1.3,2.5,0.5,0.5,0.8,0.667,0.5,0.5,1.0,0.0,0.0,0.3,31.8
203967,Dario Saric,1610612758,SAC,31.0,3,1,2,9.2,1.7,1.7,0.7,0.0,0.0,0.3,0.0,0.3,1.7,0.2,0.3,0.7,0.5,0.7,0.7,1.0,0.3,1.3,2.7,13.3
1642357,David Jones Garcia,1610612759,SAS,23.0,2,2,0,3.1,3.5,0.5,1.0,0.0,0.0,0.0,1.0,1.5,2.0,0.75,0.0,0.0,0.0,0.5,0.5,1.0,0.5,0.0,2.0,81.2
1630558,Davion Mitchell,1610612748,MIA,27.0,5,3,2,27.5,9.2,2.6,7.4,0.8,0.2,1.8,3.0,3.8,8.6,0.442,1.2,3.4,0.353,0.4,0.8,0.5,0.6,2.0,0.2,35.0
1630549,Day'Ron Sharpe,1610612751,BKN,23.0,5,0,5,17.1,8.2,5.4,2.0,1.0,0.8,2.6,3.4,3.4,4.6,0.739,0.4,1.2,0.333,1.0,1.4,0.714,2.4,3.0,-3.4,45.8
1629631,De'Andre Hunter,1610612739,CLE,27.0,3,2,1,27.1,15.7,5.0,3.3,0.3,0.0,1.3,2.7,5.0,13.7,0.366,2.0,7.3,0.273,3.7,4.3,0.846,1.0,4.0,-5.7,31.3
201599,DeAndre Jordan,1610612740,NOP,37.0,2,0,2,11.7,4.5,5.0,0.0,0.0,0.0,0.5,0.5,2.0,2.5,0.8,0.0,0.0,0.0,0.5,1.0,0.5,2.0,3.0,-13.0,29.2
201942,DeMar DeRozan,1610612758,SAC,36.0,5,1,4,36.4,19.0,4.4,5.2,1.4,0.2,1.0,1.4,7.2,14.4,0.5,0.6,2.0,0.3,4.0,5.4,0.741,0.6,3.8,-6.2,36.9
1629731,Dean Wade,1610612739,CLE,28.0,5,3,2,23.1,6.2,3.6,0.8,0.6,0.2,0.4,2.4,1.8,4.6,0.391,1.4,4.0,0.35,1.2,1.8,0.667,0.8,2.8,-2.0,21.1
1629028,Deandre Ayton,1610612747,LAL,27.0,5,3,2,34.3,16.0,9.4,1.4,0.6,1.0,2.8,3.4,7.6,12.2,0.623,0.0,0.0,0.0,0.8,2.0,0.4,3.2,6.2,-2.2,32.3
1630166,Deni Avdija,1610612757,POR,24.0,5,3,2,32.4,22.6,6.4,4.2,0.6,1.0,3.8,2.6,7.6,15.8,0.481,2.4,6.4,0.375,5.0,6.2,0.806,1.2,5.2,2.4,40.8
203471,Dennis Schroder,1610612758,SAC,32.0,5,1,4,31.5,12.4,3.0,6.4,1.6,0.4,2.6,2.4,5.4,13.0,0.415,1.4,4.8,0.292,0.2,0.2,1.0,0.4,2.6,-12.2,34.5
1641726,Dereck Lively II,1610612742,DAL,21.0,3,1,2,16.9,5.3,5.0,3.0,0.7,1.3,1.7,3.0,2.3,3.0,0.778,0.0,0.0,0.0,0.7,1.3,0.5,1.3,3.7,5.0,46.6
1642852,Derik Queen,1610612740,NOP,20.0,4,0,4,21.3,8.5,5.5,0.3,0.8,0.8,1.3,3.8,3.0,6.8,0.444,0.0,0.8,0.0,2.5,3.5,0.714,1.5,4.0,-4.5,28.0
1627884,Derrick Jones Jr.,1610612746,LAC,28.0,4,2,2,21.6,9.0,2.3,1.0,0.5,0.8,0.8,2.8,3.5,5.5,0.636,1.8,3.8,0.467,0.3,0.5,0.5,0.8,1.5,-4.3,33.3
1628401,Derrick White,1610612738,BOS,31.0,5,2,3,34.3,17.0,3.8,4.4,1.4,1.0,1.0,2.0,5.6,18.0,0.311,2.8,11.2,0.25,3.0,3.2,0.938,0.6,3.2,8.8,34.6
1630217,Desmond Bane,1610612753,ORL,27.0,6,2,4,31.7,16.2,4.7,3.5,0.2,0.3,2.7,3.7,6.2,14.5,0.425,1.2,4.7,0.25,2.7,2.8,0.941,1.7,3.0,-8.2,26.6
1626164,Devin Booker,1610612756,PHX,29.0,5,1,4,36.3,29.2,4.0,6.0,0.4,0.4,4.6,2.8,9.2,19.4,0.474,2.6,7.0,0.371,8.2,10.0,0.82,1.6,2.4,-7.0,38.6
1642269,Devin Carter,1610612758,SAC,23.0,3,0,3,7.9,1.3,1.0,0.7,1.0,0.3,0.7,1.0,0.3,1.3,0.25,0.0,0.7,0.0,0.7,0.7,1.0,0.7,0.3,2.7,30.9
1630170,Devin Vassell,1610612759,SAS,25.0,5,5,0,34.7,16.8,4.6,2.4,1.2,0.2,2.0,2.2,6.2,14.2,0.437,3.4,8.4,0.405,1.0,1.6,0.625,0.6,4.0,16.8,29.8
1628415,Dillon Brooks,1610612756,PHX,29.0,3,1,2,30.5,19.3,3.3,2.3,2.7,0.7,2.3,4.3,7.3,19.7,0.373,3.0,10.3,0.29,1.7,1.7,1.0,1.3,2.0,-9.7,40.2
1627734,Domantas Sabonis,1610612758,SAC,29.0,4,1,3,33.5,12.5,13.8,3.3,1.3,0.3,2.8,4.0,5.8,11.5,0.5,0.5,2.3,0.222,0.5,1.3,0.4,3.5,10.3,-12.8,36.0
1631230,Dominick Barlow,1610612755,PHI,22.0,2,2,0,25.1,7.5,6.0,2.5,0.0,0.5,1.5,2.0,2.5,5.0,0.5,0.0,2.0,0.0,2.5,3.0,0.833,3.0,3.0,4.0,24.3
1642270,Donovan Clingan,1610612757,POR,21.0,5,3,2,25.9,10.4,9.0,2.4,1.0,1.6,0.8,2.8,4.0,7.0,0.571,0.8,2.8,0.286,1.6,1.8,0.889,4.6,4.4,3.6,48.0
1628378,Donovan Mitchell,1610612739,CLE,29.0,5,3,2,33.1,28.0,2.4,4.4,1.2,0.4,3.8,1.8,9.8,18.0,0.544,3.2,8.0,0.4,5.2,7.0,0.743,0.0,2.4,8.4,44.5
1628978,Donte DiVincenzo,1610612750,MIN,28.0,5,2,3,30.0,12.6,2.6,3.8,1.4,0.4,2.2,2.6,3.8,8.8,0.432,2.6,6.2,0.419,2.4,2.8,0.857,0.4,2.2,-0.8,31.9
1642962,Drake Powell,1610612751,BKN,20.0,1,0,1,7.2,2.0,2.0,0.0,0.0,0.0,1.0,4.0,1.0,1.0,1.0,0.0,0.0,0.0,0.0,0.0,0.0,0.0,2.0,-2.0,15.0
203110,Draymond Green,1610612744,GSW,35.0,6,4,2,29.0,9.0,5.5,7.0,0.8,0.7,2.5,3.8,3.3,6.8,0.488,1.7,3.8,0.435,0.7,1.5,0.444,0.5,5.0,11.5,37.4
1629234,Drew Eubanks,1610612758,SAC,28.0,5,1,4,13.2,1.8,3.0,0.2,0.8,1.4,0.6,0.6,0.6,2.4,0.25,0.0,0.2,0.0,0.6,1.6,0.375,0.6,2.4,4.4,28.9
1630696,Dru Smith,1610612748,MIA,27.0,5,3,2,17.7,5.8,1.6,4.0,1.6,0.2,1.2,2.0,2.4,5.0,0.48,1.0,2.4,0.417,0.0,0.0,0.0,0.8,0.8,13.0,42.7
1629130,Duncan Robinson,1610612765,DET,31.0,5,3,2,31.2,10.0,2.4,1.2,0.2,0.8,0.4,2.8,3.0,7.6,0.395,2.4,6.2,0.387,1.6,2.0,0.8,0.6,1.8,1.8,21.2
1641871,Duop Reath,1610612757,POR,29.0,3,3,0,5.4,4.0,0.3,0.7,0.0,0.3,0.0,0.7,1.3,2.7,0.5,1.3,2.3,0.571,0.0,0.0,0.0,0.0,0.3,0.3,53.9
203939,Dwight Powell,1610612742,DAL,34.0,4,2,2,9.9,5.0,2.0,0.8,0.5,0.5,0.8,1.5,1.0,1.5,0.667,0.0,0.0,0.0,3.0,3.5,0.857,0.5,1.5,0.3,40.0
1642928,Dylan Cardwell,1610612758,SAC,23.0,2,0,2,13.7,1.5,2.0,0.0,1.0,1.5,1.0,4.5,0.5,2.5,0.2,0.0,0.5,0.0,0.5,1.0,0.5,1.0,1.0,2.0,24.9
1642844,Dylan Harper,1610612759,SAS,19.0,5,5,0,25.8,14.4,4.6,4.6,0.8,0.0,2.0,3.6,5.4,11.2,0.482,1.0,2.8,0.357,2.6,3.2,0.813,0.8,3.8,11.0,38.2
1630700,Dyson Daniels,1610612737,ATL,22.0,5,2,3,30.1,5.4,5.4,3.0,2.2,0.6,1.8,3.4,2.2,7.0,0.314,0.2,0.6,0.333,0.8,1.6,0.5,0.8,4.6,-5.0,25.3
1630604,E.J. Liddell,1610612751,BKN,24.0,1,0,1,5.4,6.0,2.0,0.0,0.0,0.0,0.0,0.0,2.0,3.0,0.667,1.0,2.0,0.5,1.0,1.0,1.0,1.0,1.0,2.0,66.6
1642856,Egor Demin,1610612751,BKN,19.0,4,0,4,20.5,7.5,4.0,2.5,0.5,0.0,2.0,2.8,2.3,5.5,0.409,2.3,5.5,0.409,0.8,1.0,0.75,0.8,3.3,-6.5,27.5
1641989,Elijah Harkless,1610612762,UTA,25.0,1,0,1,11.9,1.0,3.0,1.0,2.0,0.0,0.0,1.0,0.0,1.0,0.0,0.0,1.0,0.0,1.0,2.0,0.5,1.0,2.0,17.0,36.3
201569,Eric Gordon,1610612755,PHI,36.0,2,2,0,7.8,4.0,0.0,0.0,0.5,0.0,0.5,0.5,1.5,2.0,0.75,1.0,1.5,0.667,0.0,0.0,0.0,0.0,0.0,-3.0,32.3
1630596,Evan Mobley,1610612739,CLE,24.0,5,3,2,33.7,18.4,9.2,4.6,1.6,2.0,2.6,2.6,6.0,14.4,0.417,1.8,6.0,0.3,4.6,6.4,0.719,2.0,7.2,2.6,46.5
1630532,Franz Wagner,1610612753,ORL,24.0,6,2,4,34.8,22.2,5.5,3.0,1.0,0.3,2.0,3.0,8.0,15.2,0.527,1.8,4.2,0.44,4.3,6.0,0.722,1.2,4.3,-2.8,37.0
1641713,GG Jackson,1610612763,MEM,20.0,2,1,1,9.1,2.5,1.0,0.0,0.5,0.0,0.0,1.0,1.0,3.5,0.286,0.0,1.5,0.0,0.5,1.0,0.5,0.5,0.5,-13.5,13.8
1629216,Gabe Vincent,1610612747,LAL,29.0,3,2,1,23.9,3.7,1.0,2.3,1.0,0.0,0.7,2.3,1.0,4.3,0.231,0.7,3.3,0.2,1.0,1.0,1.0,0.3,0.7,-0.3,15.5
203914,Gary Harris,1610612749,MIL,31.0,2,2,0,2.9,0.0,0.5,1.0,0.0,0.0,0.0,0.5,0.0,0.0,0.0,0.0,0.0,0.0,0.0,0.0,0.0,0.5,0.0,-3.5,31.0
1627780,Gary Payton II,1610612744,GSW,32.0,6,4,2,8.3,2.7,1.8,0.5,0.3,0.3,0.5,1.2,1.3,2.7,0.5,0.0,0.8,0.0,0.0,0.0,0.0,0.7,1.2,-1.8,29.4
1629018,Gary Trent Jr.,1610612749,MIL,26.0,5,4,1,28.6,13.4,2.2,2.8,1.8,0.0,0.8,2.8,4.6,11.8,0.39,2.8,8.2,0.341,1.4,2.0,0.7,0.0,2.2,-3.4,33.2
203507,Giannis Antetokounmpo,1610612749,MIL,30.0,4,3,1,32.7,36.3,14.0,7.0,0.8,1.3,3.3,2.5,14.3,20.5,0.695,1.0,1.8,0.571,6.8,10.5,0.643,4.0,10.0,10.3,78.7
1629048,Goga Bitadze,1610612753,ORL,26.0,6,2,4,17.7,5.8,5.7,1.7,0.3,0.8,0.5,1.8,2.3,3.3,0.7,0.2,0.5,0.333,1.0,1.7,0.6,2.0,3.7,0.2,38.8
1641711,Gradey Dick,1610612761,TOR,21.0,5,1,4,16.5,8.0,2.8,0.4,0.6,0.0,0.2,0.8,2.2,6.2,0.355,1.0,3.2,0.313,2.6,3.2,0.813,0.8,2.0,4.8,26.6
1628960,Grayson Allen,1610612756,PHX,30.0,5,1,4,35.1,16.8,3.0,5.2,0.8,0.2,2.4,3.0,5.4,13.0,0.415,3.4,9.0,0.378,2.6,3.0,0.867,0.6,2.4,-6.0,30.9
1627824,Guerschon Yabusele,1610612752,NYK,29.0,3,2,1,13.7,1.7,4.0,0.3,0.3,0.0,0.3,1.3,0.7,3.3,0.2,0.3,2.3,0.143,0.0,0.0,0.0,3.0,1.0,-2.3,13.9
1630611,Gui Santos,1610612744,GSW,23.0,5,3,2,5.7,1.6,0.4,0.2,0.4,0.0,0.8,1.2,0.6,1.4,0.429,0.4,1.2,0.333,0.0,0.0,0.0,0.2,0.2,-1.0,16.4
203084,Harrison Barnes,1610612759,SAS,33.0,5,5,0,30.5,9.2,1.6,2.8,0.8,0.4,1.8,1.8,3.2,7.2,0.444,1.6,4.4,0.364,1.2,1.2,1.0,0.6,1.0,6.0,21.7
1631127,Harrison Ingram,1610612759,SAS,22.0,2,2,0,3.1,1.5,0.5,0.0,0.0,0.0,0.0,0.0,0.5,0.5,1.0,0.5,0.5,1.0,0.0,0.0,0.0,0.5,0.0,2.0,34.8
1630529,Herbert Jones,1610612740,NOP,27.0,4,0,4,26.9,8.3,4.8,1.5,1.0,0.3,2.0,4.8,2.8,9.3,0.297,1.5,4.5,0.333,1.3,1.5,0.833,1.3,3.5,-10.3,19.9
1642864,Hugo Gonzalez,1610612738,BOS,19.0,3,1,2,15.0,2.0,1.7,0.3,1.3,0.3,0.0,2.0,1.0,2.7,0.375,0.0,0.7,0.0,0.0,0.0,0.0,0.3,1.3,-0.7,24.0
1630621,Hunter Dickinson,1610612740,NOP,24.0,1,0,1,4.7,2.0,0.0,0.0,0.0,1.0,2.0,2.0,1.0,2.0,0.5,0.0,0.0,0.0,0.0,0.0,0.0,0.0,0.0,-12.0,15.3
1642282,Hunter Sallis,1610612755,PHI,22.0,1,1,0,1.4,0.0,0.0,0.0,0.0,0.0,0.0,1.0,0.0,0.0,0.0,0.0,0.0,0.0,0.0,0.0,0.0,0.0,0.0,-2.0,0.0
1641816,Hunter Tyson,1610612743,DEN,25.0,2,2,0,3.6,0.0,2.5,0.0,0.0,0.0,0.0,0.5,0.0,1.0,0.0,0.0,1.0,0.0,0.0,0.0,0.0,0.0,2.5,-3.5,15.0
1630193,Immanuel Quickley,1610612761,TOR,26.0,5,1,4,31.8,15.2,4.4,7.0,1.6,0.0,1.8,2.4,5.0,12.0,0.417,1.6,5.8,0.276,3.6,5.0,0.72,1.0,3.4,-6.4,39.1
1642403,Isaac Jones,1610612758,SAC,25.0,3,1,2,5.6,1.0,0.7,0.3,0.0,0.0,0.0,1.3,0.3,0.7,0.5,0.0,0.3,0.0,0.3,0.7,0.5,0.7,0.0,-4.3,11.5
1630171,Isaac Okoro,1610612741,CHI,24.0,4,4,0,24.3,4.8,3.3,1.8,0.3,0.5,1.5,3.5,2.0,6.3,0.32,0.5,2.8,0.182,0.3,0.3,1.0,1.0,2.3,7.8,14.9
1628392,Isaiah Hartenstein,1610612760,OKC,27.0,6,6,0,31.5,10.3,11.0,2.8,1.3,0.3,1.8,3.2,4.7,7.8,0.596,0.0,0.3,0.0,1.0,1.8,0.545,3.3,7.7,5.7,34.8
1630543,Isaiah Jackson,1610612754,IND,23.0,4,0,4,11.6,3.8,2.8,0.5,0.0,0.3,1.8,3.5,1.5,3.8,0.4,0.0,0.0,0.0,0.8,0.8,1.0,1.8,1.0,-4.0,13.6
1630198,Isaiah Joe,1610612760,OKC,26.0,1,1,0,24.1,20.0,6.0,1.0,1.0,0.0,0.0,2.0,7.0,12.0,0.583,5.0,9.0,0.556,1.0,2.0,0.5,1.0,5.0,11.0,56.7
1630587,Isaiah Livers,1610612756,PHX,27.0,3,0,3,11.4,2.7,0.3,0.0,0.7,0.7,0.0,1.0,0.7,2.3,0.286,0.7,2.3,0.286,0.7,0.7,1.0,0.0,0.3,-4.7,26.5
1630191,Isaiah Stewart,1610612765,DET,24.0,5,3,2,21.5,9.2,6.6,1.4,0.4,2.0,1.0,4.0,3.4,7.6,0.447,1.4,2.4,0.583,1.0,2.0,0.5,2.6,4.0,-1.4,43.2
1627826,Ivica Zubac,1610612746,LAC,28.0,4,2,2,27.6,15.5,8.0,2.8,0.0,1.0,2.3,1.3,7.0,11.0,0.636,0.0,0.0,0.0,1.5,1.8,0.857,2.5,5.5,-3.0,40.6
1631120,JD Davison,1610612745,HOU,23.0,1,1,0,7.2,3.0,0.0,1.0,1.0,0.0,0.0,0.0,1.0,3.0,0.333,1.0,3.0,0.333,0.0,0.0,0.0,0.0,0.0,-1.0,45.0
1629630,Ja Morant,1610612763,MEM,26.0,5,3,2,28.1,23.4,3.8,6.6,1.0,0.0,2.8,1.6,8.0,18.4,0.435,1.0,5.2,0.192,6.4,6.6,0.97,0.4,3.4,-3.6,47.6
1642266,Ja'Kobe Walter,1610612761,TOR,21.0,2,0,2,13.3,2.5,1.5,2.0,0.5,0.5,0.5,2.5,0.5,2.0,0.25,0.5,2.0,0.25,1.0,1.0,1.0,0.5,1.0,-1.5,28.4
1631095,Jabari Smith Jr.,1610612745,HOU,22.0,4,2,2,35.9,15.8,5.0,1.8,1.5,0.5,0.5,2.3,5.5,13.0,0.423,2.5,6.8,0.37,2.3,2.5,0.9,1.3,3.8,7.3,31.7
1631133,Jabari Walker,1610612755,PHI,23.0,4,4,0,13.5,4.5,3.8,0.0,0.3,0.8,0.5,3.3,2.0,4.5,0.444,0.0,1.3,0.0,0.5,0.5,1.0,1.8,2.0,0.0,29.8
1631210,Jacob Toppin,1610612737,ATL,25.0,1,0,1,4.8,2.0,0.0,0.0,0.0,0.0,0.0,1.0,1.0,2.0,0.5,0.0,0.0,0.0,0.0,0.0,0.0,0.0,0.0,6.0,15.0
1630702,Jaden Hardy,1610612742,DAL,23.0,5,2,3,10.4,5.6,1.0,0.2,0.4,0.0,0.4,1.2,1.8,4.6,0.391,1.2,2.6,0.462,0.8,1.0,0.8,0.0,1.0,-1.6,26.9
1630183,Jaden McDaniels,1610612750,MIN,25.0,5,2,3,33.5,18.8,4.4,1.0,0.6,2.0,1.4,3.0,7.0,14.4,0.486,1.6,4.2,0.381,3.2,3.8,0.842,1.4,3.0,-4.0,35.8
1630256,Jae'Sean Tate,1610612745,HOU,30.0,1,1,0,7.2,4.0,1.0,0.0,1.0,0.0,0.0,3.0,2.0,3.0,0.667,0.0,0.0,0.0,0.0,0.0,0.0,0.0,1.0,-1.0,50.0
1642443,Jahmir Young,1610612748,MIA,25.0,2,2,0,4.8,1.0,0.5,1.0,0.0,0.0,0.5,1.0,0.5,1.5,0.333,0.0,0.5,0.0,0.0,0.0,0.0,0.0,0.5,-4.5,15.0
1643141,Jahmyl Telfort,1610612746,LAC,24.0,1,0,1,2.9,0.0,0.0,0.0,0.0,0.0,0.0,0.0,0.0,0.0,0.0,0.0,0.0,0.0,0.0,0.0,0.0,0.0,0.0,3.0,0.0
1631170,Jaime Jaquez Jr.,1610612748,MIA,24.0,5,3,2,29.2,16.2,6.6,4.6,1.0,0.0,2.0,2.0,6.6,10.6,0.623,0.4,1.6,0.25,2.6,3.0,0.867,1.0,5.6,20.4,42.6
1631222,Jake LaRavia,1610612747,LAL,23.0,5,3,2,28.5,10.4,4.6,2.6,0.6,0.2,1.4,2.6,3.6,6.8,0.529,1.8,3.6,0.5,1.4,2.8,0.5,1.4,3.2,-4.0,27.0
1627751,Jakob Poeltl,1610612761,TOR,30.0,4,1,3,23.0,6.5,5.3,2.3,0.3,0.5,2.0,4.8,3.3,5.5,0.591,0.0,0.0,0.0,0.0,1.3,0.0,2.5,2.8,-7.0,24.1
1628973,Jalen Brunson,1610612752,NYK,29.0,4,2,2,34.7,31.8,4.0,5.0,1.3,0.0,2.0,2.5,10.8,22.3,0.483,2.5,8.0,0.313,7.8,8.8,0.886,0.5,3.5,2.0,49.5
1631105,Jalen Duren,1610612765,DET,21.0,5,3,2,22.6,14.8,10.0,1.2,0.6,1.6,3.0,3.4,4.8,8.4,0.571,0.0,0.0,0.0,5.2,6.2,0.839,4.4,5.6,1.4,48.1
1630552,Jalen Johnson,1610612737,ATL,23.0,4,2,2,30.5,20.5,7.0,4.3,1.5,0.3,2.3,3.0,8.3,14.3,0.579,0.3,2.0,0.125,3.8,4.3,0.882,2.0,5.0,-13.0,48.1
1629618,Jalen Pickett,1610612743,DEN,26.0,3,3,0,5.5,3.3,0.7,1.0,0.0,0.0,0.3,0.3,1.3,2.3,0.571,0.3,1.3,0.25,0.3,0.3,1.0,0.3,0.3,-0.7,39.2
1630188,Jalen Smith,1610612741,CHI,25.0,4,4,0,13.3,7.0,4.0,0.5,0.3,0.0,1.0,1.5,2.8,7.0,0.393,0.5,3.0,0.167,1.0,1.8,0.571,1.8,2.3,0.8,25.7
1630591,Jalen Suggs,1610612753,ORL,24.0,4,1,3,19.2,11.3,3.8,4.3,1.0,0.3,3.0,3.3,3.8,5.8,0.652,1.8,3.3,0.538,2.0,2.3,0.889,0.5,3.3,5.0,49.1
1630592,Jalen Wilson,1610612751,BKN,24.0,4,0,4,18.5,8.0,1.0,1.3,0.3,0.0,1.0,1.0,2.5,5.0,0.5,1.8,3.5,0.5,1.3,1.5,0.833,0.0,1.0,-2.8,24.1
1627750,Jamal Murray,1610612743,DEN,28.0,4,3,1,33.6,27.0,4.3,6.0,1.3,0.0,2.0,1.5,10.0,20.0,0.5,3.0,7.3,0.414,4.0,4.3,0.941,0.8,3.5,15.3,50.5
1642347,Jamal Shead,1610612761,TOR,23.0,5,1,4,16.4,6.4,1.2,5.2,0.6,0.0,1.2,1.6,2.0,5.2,0.385,1.0,2.4,0.417,1.4,1.8,0.778,0.2,1.0,-0.4,38.1
201935,James Harden,1610612746,LAC,36.0,4,2,2,31.8,21.3,4.8,8.0,1.3,0.3,4.0,1.8,6.3,12.8,0.49,2.5,7.0,0.357,6.3,6.8,0.926,0.0,4.8,2.5,47.8
1630164,James Wiseman,1610612754,IND,24.0,1,0,1,19.9,4.0,4.0,0.0,0.0,1.0,3.0,2.0,2.0,3.0,0.667,0.0,0.0,0.0,0.0,0.0,0.0,4.0,0.0,-15.0,12.6
1642364,Jamir Watkins,1610612764,WAS,24.0,1,0,1,0.2,0.0,0.0,0.0,0.0,0.0,0.0,0.0,0.0,0.0,0.0,0.0,0.0,0.0,0.0,0.0,0.0,0.0,0.0,-4.0,0.0
1642419,Jamison Battle,1610612761,TOR,24.0,3,1,2,8.8,4.7,2.0,0.0,0.3,0.0,0.7,0.7,1.7,2.7,0.625,1.3,2.0,0.667,0.0,0.0,0.0,0.3,1.7,4.3,34.7
1641716,Jarace Walker,1610612754,IND,22.0,4,0,4,29.8,11.0,6.0,4.0,1.0,0.8,1.5,2.3,3.8,12.8,0.294,2.0,7.0,0.286,1.5,1.8,0.857,0.8,5.3,-8.8,31.0
1628991,Jaren Jackson Jr.,1610612763,MEM,26.0,5,3,2,26.8,17.6,5.2,1.2,1.0,1.6,2.4,4.0,6.2,12.4,0.5,1.2,4.0,0.3,4.0,4.8,0.833,0.6,4.6,-3.0,41.9
1629020,Jarred Vanderbilt,1610612747,LAL,26.0,5,3,2,22.6,5.6,7.0,1.8,1.8,0.4,2.2,2.0,2.0,5.0,0.4,0.0,1.0,0.0,1.6,2.0,0.8,2.4,4.6,4.2,30.5
1628386,Jarrett Allen,1610612739,CLE,27.0,5,3,2,27.0,14.0,7.0,1.8,1.4,0.4,1.6,1.6,4.6,8.0,0.575,0.0,0.2,0.0,4.8,6.0,0.8,1.6,5.4,9.2,38.1
1642859,Jase Richardson,1610612753,ORL,20.0,4,1,3,3.7,0.8,0.0,1.0,0.0,0.0,0.5,0.3,0.3,0.8,0.333,0.0,0.5,0.0,0.3,0.5,0.5,0.0,0.0,-2.5,13.6
1642914,Javon Small,1610612763,MEM,22.0,5,3,2,17.8,6.4,1.4,4.2,0.0,0.2,1.4,1.2,1.8,5.2,0.346,1.2,3.6,0.333,1.6,2.0,0.8,0.2,1.2,1.8,27.1
1629750,Javonte Green,1610612765,DET,32.0,5,3,2,16.1,5.0,2.4,1.0,0.8,0.2,0.4,1.0,1.8,5.4,0.333,1.0,2.4,0.417,0.4,0.6,0.667,0.8,1.6,-2.8,25.9
1629637,Jaxson Hayes,1610612747,LAL,25.0,2,1,1,13.4,3.0,4.0,2.0,0.5,0.5,1.0,3.0,1.5,2.5,0.6,0.0,0.0,0.0,0.0,0.0,0.0,1.0,3.0,-2.5,36.2
1630643,Jay Huff,1610612754,IND,28.0,4,0,4,14.7,4.3,1.8,0.5,0.0,1.5,0.5,1.5,1.8,4.3,0.412,0.8,3.0,0.25,0.0,0.0,0.0,0.5,1.3,-2.5,29.8
1627759,Jaylen Brown,1610612738,BOS,29.0,5,2,3,32.7,26.8,5.6,3.8,0.4,0.4,3.6,4.2,9.4,18.0,0.522,3.0,6.4,0.469,5.0,6.6,0.758,0.4,5.2,1.8,42.0
1641740,Jaylen Clark,1610612750,MIN,24.0,3,2,1,15.1,5.7,3.0,1.3,1.0,0.0,0.3,3.3,2.0,4.7,0.429,0.3,1.3,0.25,1.3,1.3,1.0,1.7,1.3,-1.7,34.0
1642377,Jaylen Wells,1610612763,MEM,22.0,5,3,2,26.8,9.4,2.8,1.6,0.8,0.0,1.0,2.2,3.0,8.8,0.341,1.6,6.0,0.267,1.8,2.6,0.692,0.4,2.4,-5.8,19.6
1631119,Jaylin Williams,1610612760,OKC,23.0,6,6,0,17.1,4.7,4.3,2.0,1.0,0.5,1.0,2.2,1.7,4.8,0.345,0.8,4.0,0.208,0.5,0.7,0.75,0.7,3.7,2.2,34.1
1642281,Jaylon Tyson,1610612739,CLE,22.0,5,3,2,22.4,8.0,2.6,1.0,1.2,0.4,1.6,4.2,3.0,5.6,0.536,1.2,3.0,0.4,0.8,1.2,0.667,0.8,1.8,-5.4,27.3
201145,Jeff Green,1610612745,HOU,39.0,1,1,0,4.0,3.0,0.0,0.0,0.0,0.0,0.0,1.0,1.0,1.0,1.0,1.0,1.0,1.0,0.0,0.0,0.0,0.0,0.0,-5.0,45.0
203924,Jerami Grant,1610612757,POR,31.0,5,3,2,27.5,21.6,2.6,1.4,1.4,0.6,1.4,3.2,6.2,11.8,0.525,2.8,6.0,0.467,6.4,7.4,0.865,1.0,1.6,-1.8,45.2
1642847,Jeremiah Fears,1610612740,NOP,19.0,4,0,4,26.0,13.3,1.8,2.8,1.3,0.0,2.3,2.3,5.8,11.0,0.523,0.3,2.3,0.111,1.5,2.3,0.667,0.8,1.0,-11.5,29.6
1630579,Jericho Sims,1610612749,MIL,27.0,2,1,1,4.8,2.0,0.0,0.0,0.0,0.5,0.0,0.0,0.5,0.5,1.0,0.0,0.0,0.0,1.0,1.0,1.0,0.0,0.0,-4.0,33.7
1641724,Jett Howard,1610612753,ORL,22.0,4,1,3,4.6,0.8,0.3,0.3,0.0,0.3,0.3,0.3,0.3,1.3,0.2,0.3,1.0,0.25,0.0,0.0,0.0,0.0,0.3,-2.5,14.8
202710,Jimmy Butler III,1610612744,GSW,36.0,6,4,2,33.3,21.7,5.7,4.5,1.0,0.2,1.7,1.3,6.3,12.5,0.507,1.5,2.7,0.563,7.5,8.3,0.9,2.5,3.2,6.5,41.7
1642866,Joan Beringer,1610612750,MIN,18.0,2,0,2,3.5,1.0,2.0,0.0,0.0,0.0,0.0,0.5,0.5,0.5,1.0,0.0,0.0,0.0,0.0,0.0,0.0,0.5,1.5,2.5,36.0
1629111,Jock Landale,1610612763,MEM,30.0,5,3,2,23.4,9.0,5.2,1.4,0.0,0.8,1.0,3.2,3.2,6.2,0.516,0.8,2.2,0.364,1.8,2.2,0.818,2.8,2.4,-3.2,28.9
204060,Joe Ingles,1610612750,MIN,38.0,2,1,1,2.0,0.0,0.0,0.5,0.0,0.0,0.0,0.0,0.0,0.5,0.0,0.0,0.5,0.0,0.0,0.0,0.0,0.0,0.0,3.5,9.0
203954,Joel Embiid,1610612755,PHI,31.0,3,3,0,21.1,16.3,5.0,3.7,0.7,0.7,2.3,2.0,5.7,12.3,0.459,2.0,5.3,0.375,3.0,4.3,0.692,1.3,3.7,-3.0,50.3
1628381,John Collins,1610612746,LAC,28.0,4,2,2,25.4,11.3,6.5,1.0,1.5,0.8,2.5,1.5,4.5,7.8,0.581,0.5,1.5,0.333,1.8,2.5,0.7,2.3,4.3,4.0,35.4
1629723,John Konchar,1610612763,MEM,29.0,5,3,2,15.4,4.0,3.2,1.0,1.0,0.6,0.6,0.8,1.6,3.0,0.533,0.6,1.8,0.333,0.2,0.2,1.0,0.2,3.0,1.6,35.5
1642277,Johnny Furphy,1610612754,IND,20.0,1,0,1,1.0,0.0,0.0,0.0,0.0,0.0,0.0,0.0,0.0,0.0,0.0,0.0,0.0,0.0,0.0,0.0,0.0,0.0,0.0,-2.0,0.0
1630548,Johnny Juzang,1610612750,MIN,24.0,2,0,2,3.0,0.5,0.5,0.0,0.0,0.0,0.0,0.5,0.0,1.5,0.0,0.0,1.0,0.0,0.5,1.0,0.5,0.5,0.0,2.5,-12.0
202685,Jonas Valanciunas,1610612743,DEN,33.0,4,3,1,12.4,8.5,5.0,1.5,0.0,0.5,1.0,1.8,3.5,6.3,0.56,0.0,0.0,0.0,1.5,2.3,0.667,1.0,4.0,3.3,47.6
1628371,Jonathan Isaac,1610612753,ORL,28.0,5,2,3,6.8,0.8,1.0,0.2,0.6,0.8,0.2,0.6,0.4,1.6,0.25,0.0,1.2,0.0,0.0,0.0,0.0,0.4,0.6,-2.4,34.9
1630228,Jonathan Kuminga,1610612744,GSW,23.0,6,4,2,30.8,17.5,7.5,3.5,0.7,0.3,2.8,2.7,6.0,10.8,0.554,1.5,3.3,0.45,4.0,4.8,0.828,2.0,5.5,4.0,37.7
1642367,Jonathan Mogbo,1610612761,TOR,24.0,5,1,4,5.4,1.2,1.4,0.4,0.2,0.4,0.2,0.4,0.6,1.0,0.6,0.0,0.0,0.0,0.0,0.0,0.0,0.6,0.8,1.6,37.3
203903,Jordan Clarkson,1610612752,NYK,33.0,4,2,2,15.2,7.0,2.0,1.0,0.0,0.3,1.0,1.3,2.5,7.5,0.333,1.0,3.3,0.308,1.0,1.3,0.8,1.0,1.0,0.5,19.8
1630692,Jordan Goodwin,1610612756,PHX,27.0,2,0,2,5.4,1.0,1.0,0.5,1.5,0.0,2.0,0.0,0.0,2.0,0.0,0.0,1.5,0.0,1.0,1.5,0.667,0.0,1.0,-1.5,16.6
1641722,Jordan Hawkins,1610612740,NOP,23.0,4,0,4,14.4,4.3,2.5,1.0,0.0,0.0,0.3,0.3,1.3,4.8,0.263,0.8,3.0,0.25,1.0,1.0,1.0,0.8,1.8,0.5,17.0
1629162,Jordan McLaughlin,1610612759,SAS,29.0,5,5,0,8.6,3.2,0.4,1.0,0.8,0.0,0.0,1.2,1.0,2.2,0.455,0.8,1.6,0.5,0.4,0.4,1.0,0.0,0.4,-0.2,39.3
1629673,Jordan Poole,1610612740,NOP,26.0,4,0,4,32.2,17.3,1.8,3.3,0.3,0.3,1.3,3.0,5.3,14.8,0.356,2.5,7.8,0.323,4.3,4.3,1.0,0.8,1.0,-16.3,26.6
1641775,Jordan Walsh,1610612738,BOS,21.0,3,2,1,1.8,0.0,0.0,0.0,0.0,0.0,0.0,0.0,0.0,0.0,0.0,0.0,0.0,0.0,0.0,0.0,0.0,0.0,0.0,-0.3,0.0
1630631,Jose Alvarado,1610612740,NOP,27.0,3,0,3,13.0,2.7,1.7,1.0,1.0,0.0,0.7,0.3,1.0,3.7,0.273,0.7,2.7,0.25,0.0,0.0,0.0,0.3,1.3,-10.0,22.1
1630581,Josh Giddey,1610612741,CHI,23.0,4,4,0,31.2,19.5,8.5,7.8,0.5,0.5,4.0,2.0,6.5,14.5,0.448,1.5,3.5,0.429,5.0,7.0,0.714,1.3,7.3,5.8,43.3
1628404,Josh Hart,1610612752,NYK,30.0,3,1,2,24.6,3.7,7.7,4.0,1.0,0.0,1.7,1.3,1.3,6.0,0.222,0.3,3.0,0.111,0.7,1.3,0.5,3.3,4.3,-6.0,23.8
1631169,Josh Minott,1610612738,BOS,22.0,4,2,2,22.4,9.5,6.8,1.5,1.8,0.5,0.5,3.0,3.5,6.0,0.583,1.0,3.0,0.333,1.5,1.8,0.857,2.3,4.5,8.3,46.9
1629006,Josh Okogie,1610612745,HOU,27.0,4,2,2,22.9,9.5,1.8,1.3,0.5,0.3,0.5,2.5,2.8,4.3,0.647,1.5,2.5,0.6,2.5,3.0,0.833,0.8,1.0,3.3,28.9
201950,Jrue Holiday,1610612757,POR,35.0,5,3,2,32.3,19.6,5.4,7.8,1.4,0.4,3.2,2.6,7.4,14.4,0.514,2.6,6.8,0.382,2.2,2.6,0.846,1.2,4.2,8.0,49.0
1630577,Julian Champagnie,1610612759,SAS,24.0,5,5,0,29.3,7.2,6.4,2.0,0.8,0.4,0.6,1.0,2.4,5.8,0.414,1.2,4.0,0.3,1.2,1.8,0.667,0.8,5.6,11.2,25.5
1641763,Julian Phillips,1610612741,CHI,21.0,3,3,0,7.4,3.0,0.7,0.3,0.7,0.3,0.0,1.0,1.3,3.0,0.444,0.3,1.3,0.25,0.0,0.0,0.0,0.3,0.3,0.7,39.8
1631124,Julian Strawther,1610612743,DEN,23.0,3,3,0,5.0,3.0,1.3,0.7,0.0,0.0,0.3,0.3,1.0,2.7,0.375,0.3,1.7,0.2,0.7,1.3,0.5,0.0,1.3,0.7,29.5
203944,Julius Randle,1610612750,MIN,30.0,5,2,3,35.1,26.6,6.4,5.4,1.2,0.4,2.2,2.2,9.0,16.4,0.549,2.6,5.6,0.464,6.0,7.4,0.811,1.0,5.4,-3.2,49.8
1630551,Justin Champagnie,1610612764,WAS,24.0,4,0,4,3.9,1.0,1.8,0.3,0.0,0.0,0.0,0.5,0.0,1.3,0.0,0.0,0.5,0.0,1.0,1.0,1.0,1.5,0.3,-1.8,19.3
1642348,Justin Edwards,1610612755,PHI,21.0,4,4,0,11.5,4.3,0.5,0.3,0.0,0.0,0.5,2.0,1.5,3.3,0.462,1.3,2.8,0.455,0.0,0.0,0.0,0.0,0.5,-6.0,16.9
203994,Jusuf Nurkic,1610612762,UTA,31.0,4,2,2,17.3,8.0,8.0,2.8,1.5,0.0,2.8,1.5,3.3,8.0,0.406,0.3,2.0,0.125,1.3,1.5,0.833,2.3,5.8,0.5,43.0
1626157,Karl-Anthony Towns,1610612752,NYK,29.0,4,2,2,33.8,17.0,13.5,2.0,0.8,1.0,3.5,4.0,4.8,13.5,0.352,1.8,5.3,0.333,5.8,6.8,0.852,3.3,10.3,2.5,33.6
1631255,Karlo Matkovic,1610612740,NOP,24.0,2,0,2,3.5,1.0,0.0,0.0,0.0,0.0,0.0,0.0,0.5,1.5,0.333,0.0,0.5,0.0,0.0,0.0,0.0,0.0,0.0,-3.0,5.1
202695,Kawhi Leonard,1610612746,LAC,34.0,4,2,2,32.0,21.3,6.3,3.0,1.3,0.5,1.8,1.0,8.0,17.0,0.471,1.8,4.8,0.368,3.5,3.8,0.933,0.8,5.5,-11.3,42.4
1630811,Keaton Wallace,1610612737,ATL,26.0,5,2,3,10.1,2.2,1.0,1.8,0.2,0.0,0.8,1.2,0.8,2.0,0.4,0.4,1.0,0.4,0.2,0.4,0.5,0.0,1.0,-1.2,20.6
1642276,Kel'el Ware,1610612748,MIA,21.0,5,3,2,21.2,9.0,7.4,1.0,0.8,0.6,1.4,1.6,3.4,7.6,0.447,1.0,3.4,0.294,1.2,1.6,0.75,2.2,5.2,-4.4,35.6
1629640,Keldon Johnson,1610612759,SAS,26.0,5,5,0,24.1,11.8,5.8,1.0,0.6,0.0,0.2,2.2,4.4,7.0,0.629,1.2,2.2,0.545,1.8,2.2,0.818,2.8,3.0,1.0,36.1
1626162,Kelly Oubre Jr.,1610612755,PHI,29.0,4,4,0,38.6,17.8,6.5,1.8,1.0,1.0,0.8,1.8,5.8,11.3,0.511,2.3,5.0,0.45,4.0,4.3,0.941,1.8,4.8,5.5,34.1
203484,Kentavious Caldwell-Pope,1610612763,MEM,32.0,5,3,2,24.4,10.0,3.0,4.6,0.8,0.2,1.4,1.4,3.0,8.8,0.341,1.4,4.6,0.304,2.6,2.8,0.929,0.0,3.0,-4.0,32.1
1631165,Keon Ellis,1610612758,SAC,25.0,5,1,4,19.6,7.8,1.8,0.6,1.8,0.2,0.6,2.4,2.8,5.8,0.483,1.2,3.4,0.353,1.0,1.6,0.625,0.2,1.6,0.4,33.0
1642352,Keshad Johnson,1610612748,MIA,24.0,2,2,0,5.2,3.5,1.5,0.0,0.5,0.0,0.0,0.0,1.5,3.5,0.429,0.5,1.5,0.333,0.0,0.0,0.0,0.0,1.5,-5.0,48.4
201142,Kevin Durant,1610612745,HOU,37.0,4,2,2,36.4,27.5,5.8,2.0,1.0,1.0,2.3,3.8,8.8,16.8,0.522,1.8,4.8,0.368,8.3,9.8,0.846,0.3,5.5,7.3,41.3
1628989,Kevin Huerter,1610612741,CHI,27.0,4,4,0,25.6,14.8,4.0,3.0,0.5,0.8,1.3,2.8,5.0,9.3,0.541,1.5,4.5,0.333,3.3,3.8,0.867,0.8,3.3,9.3,40.9
1629645,Kevin Porter Jr.,1610612749,MIL,25.0,1,1,0,9.4,10.0,0.0,2.0,1.0,0.0,0.0,0.0,3.0,5.0,0.6,2.0,3.0,0.667,2.0,2.0,1.0,0.0,0.0,15.0,80.4
1641718,Keyonte George,1610612762,UTA,21.0,4,2,2,34.6,22.3,2.8,9.3,1.0,0.3,4.3,2.8,6.3,14.8,0.424,1.5,6.8,0.222,8.3,8.5,0.971,0.3,2.5,6.0,40.9
1642863,Khaman Maluach,1610612756,PHX,19.0,2,0,2,8.7,3.5,1.0,0.5,0.0,0.5,0.5,2.0,0.5,1.5,0.333,0.0,0.5,0.0,2.5,3.0,0.833,0.5,0.5,-1.0,22.7
203114,Khris Middleton,1610612764,WAS,34.0,5,1,4,25.8,12.4,4.8,2.2,0.8,0.0,1.6,3.6,4.8,10.0,0.48,1.0,3.0,0.333,1.8,2.4,0.75,1.6,3.2,-8.0,30.1
202691,Klay Thompson,1610612742,DAL,35.0,5,2,3,20.7,8.2,3.0,1.4,0.2,0.4,1.2,0.8,3.0,9.6,0.313,1.4,5.4,0.259,0.8,0.8,1.0,0.2,2.8,-10.2,20.5
1641738,Kobe Brown,1610612746,LAC,25.0,3,1,2,4.8,1.3,1.0,0.7,0.0,0.0,0.3,0.0,0.3,0.3,1.0,0.0,0.0,0.0,0.7,0.7,1.0,0.3,0.7,2.7,25.5
1642920,Kobe Sanders,1610612746,LAC,23.0,2,1,1,4.3,1.0,0.5,0.5,1.0,0.0,0.5,0.0,0.5,2.0,0.25,0.0,0.5,0.0,0.0,0.0,0.0,0.0,0.5,3.5,37.6
1642851,Kon Knueppel,1610612766,CHA,20.0,5,2,3,28.9,13.8,4.0,1.8,0.4,0.0,2.4,2.4,5.0,10.0,0.5,3.4,6.8,0.5,0.4,0.8,0.5,0.6,3.4,0.0,26.4
1627739,Kris Dunn,1610612746,LAC,31.0,4,2,2,22.8,7.0,3.3,0.8,1.0,0.0,1.3,1.8,2.8,5.8,0.478,1.0,2.5,0.4,0.5,0.5,1.0,1.5,1.8,-2.0,22.2
1631200,Kris Murray,1610612757,POR,25.0,4,2,2,21.7,5.5,2.3,0.5,1.3,0.3,0.5,1.3,2.3,4.3,0.529,0.5,1.5,0.333,0.5,0.5,1.0,1.0,1.3,4.0,24.8
204001,Kristaps Porzingis,1610612737,ATL,30.0,3,1,2,25.2,20.3,5.0,3.7,0.7,1.0,1.3,3.7,7.3,14.3,0.512,3.0,6.7,0.45,2.7,3.0,0.889,1.7,3.3,-7.7,57.0
1642271,Kyle Filipowski,1610612762,UTA,21.0,4,2,2,21.4,7.5,5.0,3.3,0.3,0.3,0.8,3.5,2.8,7.0,0.393,1.3,3.8,0.333,0.8,1.3,0.6,1.8,3.3,6.0,32.4
1628398,Kyle Kuzma,1610612749,MIL,30.0,4,4,0,24.1,8.8,5.0,2.0,1.0,0.8,2.0,2.3,3.3,6.8,0.481,0.3,2.0,0.125,2.0,2.5,0.8,0.3,4.8,2.8,30.7
1642273,Kyshawn George,1610612764,WAS,21.0,5,1,4,32.6,18.6,8.8,5.2,1.0,1.4,3.2,5.0,6.6,12.4,0.532,3.4,6.2,0.548,2.0,3.2,0.625,1.0,7.8,-8.6,48.5
1630163,LaMelo Ball,1610612766,CHA,24.0,5,2,3,33.3,24.4,8.0,10.2,1.8,0.2,3.8,3.8,8.4,19.0,0.442,3.6,10.4,0.346,4.0,5.0,0.8,1.6,6.4,6.2,57.9
1629013,Landry Shamet,1610612752,NYK,28.0,4,2,2,18.3,7.0,2.3,0.8,0.5,0.0,1.0,1.0,2.0,5.3,0.381,1.8,4.5,0.389,1.3,1.3,1.0,0.5,1.8,-4.8,22.4
1626204,Larry Nance Jr.,1610612739,CLE,32.0,5,3,2,15.2,5.4,4.0,1.4,0.4,0.2,0.6,2.6,2.2,4.8,0.458,0.8,1.8,0.444,0.2,0.6,0.333,0.6,3.4,-2.2,31.7
1628374,Lauri Markkanen,1610612762,UTA,28.0,4,2,2,38.2,34.0,7.3,2.8,0.8,0.8,1.0,1.3,11.0,21.8,0.506,4.0,10.0,0.4,8.0,8.8,0.914,2.3,5.0,11.3,51.5
1631159,Leonard Miller,1610612750,MIN,21.0,2,0,2,3.4,1.0,0.5,0.0,0.0,0.0,0.5,0.5,0.5,0.5,1.0,0.0,0.0,0.0,0.0,0.0,0.0,0.0,0.5,2.5,10.5
1642862,Liam McNeeley,1610612766,CHA,20.0,3,1,2,10.5,4.0,1.7,2.0,0.3,0.0,0.0,1.3,1.0,2.3,0.429,0.3,1.3,0.25,1.7,2.3,0.714,0.3,1.3,-4.0,35.3
1628366,Lonzo Ball,1610612739,CLE,28.0,4,2,2,23.4,4.8,3.8,6.0,1.0,0.0,2.8,0.5,1.5,5.8,0.261,1.0,4.5,0.222,0.8,1.3,0.6,1.0,2.8,-1.8,25.6
1629652,Luguentz Dort,1610612760,OKC,26.0,6,6,0,34.7,7.3,5.3,1.8,1.2,0.0,0.8,2.5,2.5,8.3,0.3,1.0,5.5,0.182,1.3,1.3,1.0,2.2,3.2,8.7,17.7
1629029,Luka Doncic,1610612747,LAL,26.0,2,1,1,37.9,46.0,11.5,8.5,1.0,0.5,3.0,2.5,15.5,25.0,0.62,3.5,11.0,0.318,11.5,14.5,0.793,0.5,11.0,5.0,76.9
1630568,Luka Garza,1610612738,BOS,26.0,4,2,2,13.7,7.0,3.5,1.0,0.3,0.5,1.0,3.0,2.3,4.3,0.529,0.8,2.3,0.333,1.8,2.3,0.778,2.3,1.3,-0.5,37.5
1628379,Luke Kennard,1610612737,ATL,29.0,5,2,3,24.6,8.2,2.2,2.4,0.6,0.2,1.4,1.6,2.8,5.4,0.519,1.4,3.0,0.467,1.2,1.4,0.857,0.6,1.6,0.2,24.8
1628436,Luke Kornet,1610612759,SAS,30.0,2,2,0,25.2,8.0,8.0,3.5,0.0,1.5,0.5,2.0,3.5,6.0,0.583,0.0,0.0,0.0,1.0,2.0,0.5,5.0,3.0,8.0,40.0
1631247,Luke Travers,1610612739,CLE,24.0,2,1,1,4.8,0.0,0.0,0.0,0.0,0.0,0.0,0.0,0.0,1.5,0.0,0.0,0.5,0.0,0.0,0.0,0.0,0.0,0.0,-8.5,-11.2
1630644,Mac McClung,1610612754,IND,26.0,1,0,1,12.6,7.0,2.0,1.0,2.0,1.0,0.0,3.0,2.0,5.0,0.4,1.0,3.0,0.333,2.0,3.0,0.667,0.0,2.0,-2.0,62.8
1628370,Malik Monk,1610612758,SAC,27.0,5,1,4,25.2,15.6,1.2,2.4,1.2,0.8,1.0,2.0,5.8,10.6,0.547,2.6,5.0,0.52,1.4,1.6,0.875,0.0,1.2,5.8,44.2
203935,Marcus Smart,1610612747,LAL,31.0,3,2,1,24.7,7.7,1.0,2.0,1.0,0.0,2.0,2.0,2.3,5.3,0.438,0.3,2.3,0.143,2.7,3.3,0.8,0.3,0.7,11.0,17.0
1641813,Mark Sears,1610612749,MIL,23.0,1,0,1,7.4,0.0,0.0,0.0,0.0,0.0,1.0,1.0,0.0,1.0,0.0,0.0,0.0,0.0,0.0,0.0,0.0,0.0,0.0,-5.0,-14.5
1631109,Mark Williams,1610612756,PHX,23.0,4,1,3,24.0,13.3,10.0,0.3,1.5,0.8,0.8,3.3,5.5,9.0,0.611,0.0,0.0,0.0,2.3,2.8,0.818,3.5,6.5,4.0,49.5
1628963,Marvin Bagley III,1610612764,WAS,26.0,5,1,4,14.9,7.0,3.6,1.4,0.6,0.2,0.8,2.8,2.8,3.6,0.778,0.4,0.6,0.667,1.0,2.0,0.5,1.6,2.0,-8.4,39.6
203486,Mason Plumlee,1610612766,CHA,35.0,2,1,1,3.9,1.0,1.0,0.5,0.0,0.0,0.0,0.0,0.5,0.5,1.0,0.0,0.0,0.0,0.0,0.0,0.0,0.0,1.0,2.0,32.3
1641824,Matas Buzelis,1610612741,CHI,21.0,4,4,0,28.1,16.8,4.8,1.5,0.8,1.0,2.3,4.0,6.3,12.3,0.51,1.5,4.5,0.333,2.8,3.3,0.846,1.5,3.3,3.5,36.5
1629680,Matisse Thybulle,1610612757,POR,28.0,4,2,2,12.2,5.0,1.0,0.8,2.5,0.0,0.3,1.8,1.5,2.5,0.6,1.0,1.5,0.667,1.0,1.0,1.0,0.0,1.0,5.8,54.5
1631108,Max Christie,1610612742,DAL,22.0,5,2,3,29.3,11.8,1.4,1.8,0.2,0.4,1.2,1.6,3.8,7.2,0.528,2.8,5.4,0.519,1.4,1.4,1.0,0.0,1.4,2.4,24.5
1642875,Maxime Raynaud,1610612758,SAC,22.0,1,0,1,11.5,0.0,4.0,2.0,0.0,0.0,1.0,1.0,0.0,1.0,0.0,0.0,0.0,0.0,0.0,0.0,0.0,0.0,4.0,-3.0,15.6
1642877,Micah Peavy,1610612740,NOP,24.0,2,0,2,5.5,2.5,1.5,0.5,0.5,0.0,0.0,0.0,1.0,2.5,0.4,0.0,0.5,0.0,0.5,1.0,0.5,1.5,0.0,-2.5,39.2
1629008,Michael Porter Jr.,1610612751,BKN,27.0,5,0,5,32.0,21.6,6.2,3.2,0.6,0.2,1.8,2.2,8.6,17.0,0.506,3.2,7.8,0.41,1.2,1.8,0.667,0.8,5.4,-8.4,41.1
1628969,Mikal Bridges,1610612752,NYK,29.0,4,2,2,36.4,18.0,6.8,4.5,1.5,0.8,0.8,3.0,6.5,12.0,0.542,2.3,4.8,0.474,2.8,3.0,0.917,1.8,5.0,-0.3,44.0
201144,Mike Conley,1610612750,MIN,38.0,5,2,3,20.1,5.4,2.4,3.0,1.0,0.6,1.4,2.2,1.6,5.2,0.308,1.0,2.8,0.357,1.2,1.2,1.0,0.6,1.8,-2.8,29.3
1628970,Miles Bridges,1610612766,CHA,27.0,5,2,3,32.3,18.2,6.6,3.0,0.6,0.4,1.4,1.4,6.0,15.2,0.395,2.6,7.0,0.371,3.6,4.2,0.857,0.8,5.8,-4.0,34.3
1642939,Miles Kelly,1610612742,DAL,22.0,1,1,0,2.2,0.0,0.0,0.0,0.0,0.0,1.0,1.0,0.0,0.0,0.0,0.0,0.0,0.0,0.0,0.0,0.0,0.0,0.0,-6.0,-32.7
1630540,Miles McBride,1610612752,NYK,25.0,2,2,0,29.1,12.5,3.0,2.5,1.0,0.5,1.0,3.0,3.5,9.0,0.389,3.0,7.5,0.4,2.5,3.0,0.833,1.5,1.5,10.0,30.9
1642885,Mohamed Diawara,1610612752,NYK,20.0,1,0,1,0.6,0.0,0.0,0.0,0.0,0.0,0.0,0.0,0.0,0.0,0.0,0.0,0.0,0.0,0.0,0.0,0.0,0.0,0.0,-2.0,0.0
1630541,Moses Moody,1610612744,GSW,23.0,4,2,2,18.8,9.0,2.5,0.8,0.8,0.8,1.5,1.5,2.5,7.0,0.357,2.3,5.0,0.45,1.8,2.3,0.778,0.0,2.5,-0.8,31.2
1631243,Mouhamed Gueye,1610612737,ATL,22.0,5,2,3,16.3,7.4,3.6,1.4,0.2,0.8,1.0,1.8,3.0,5.6,0.536,1.0,2.8,0.357,0.4,1.2,0.333,1.4,2.2,5.4,36.2
1630619,Moussa Cisse,1610612742,DAL,23.0,2,0,2,2.2,0.0,0.0,0.0,0.0,0.0,0.0,0.0,0.0,0.0,0.0,0.0,0.0,0.0,0.0,0.0,0.0,0.0,0.0,-2.0,0.0
1631217,Moussa Diabate,1610612766,CHA,23.0,5,2,3,20.1,9.8,5.8,0.4,0.4,1.4,0.8,2.2,3.6,6.0,0.6,0.0,0.0,0.0,2.6,4.0,0.65,2.6,3.2,-1.4,39.0
1626167,Myles Turner,1610612749,MIL,29.0,5,4,1,29.6,10.0,6.8,3.0,0.4,2.2,1.6,2.4,3.8,10.0,0.38,1.6,5.6,0.286,0.8,1.2,0.667,1.2,5.6,7.2,35.0
1642066,Myron Gardner,1610612748,MIA,24.0,1,1,0,2.7,3.0,1.0,1.0,0.0,0.0,0.0,2.0,1.0,1.0,1.0,1.0,1.0,1.0,0.0,0.0,0.0,0.0,1.0,0.0,106.6
1642368,N'Faly Dante,1610612737,ATL,24.0,2,1,1,6.2,0.5,3.5,0.0,0.5,0.0,0.5,0.0,0.0,1.5,0.0,0.0,0.0,0.0,0.5,0.5,1.0,1.5,2.0,4.0,20.3
1630230,Naji Marshall,1610612742,DAL,27.0,5,2,3,23.7,6.8,3.8,2.0,1.0,0.0,0.8,2.4,1.6,4.2,0.381,0.0,0.8,0.0,3.6,4.0,0.9,0.6,3.2,-4.4,23.6
1629675,Naz Reid,1610612750,MIN,26.0,5,2,3,23.1,10.0,6.0,1.6,1.0,1.0,1.8,2.6,3.8,9.4,0.404,1.0,4.0,0.25,1.4,2.4,0.583,1.8,4.2,-3.4,33.9
1629674,Neemias Queta,1610612738,BOS,26.0,5,2,3,24.2,9.0,9.0,1.4,1.0,1.6,1.6,3.6,3.6,6.0,0.6,0.0,0.2,0.0,1.8,2.6,0.692,3.8,5.2,9.4,42.2
1629651,Nic Claxton,1610612751,BKN,26.0,5,0,5,26.4,12.2,6.4,2.4,0.8,0.2,1.0,3.2,5.6,10.4,0.538,0.0,0.6,0.0,1.0,1.6,0.625,3.0,3.4,-11.0,34.9
1630208,Nick Richards,1610612756,PHX,27.0,5,1,4,10.0,4.0,4.0,0.0,0.4,0.6,1.2,1.8,1.4,2.8,0.5,0.0,0.0,0.0,1.2,1.2,1.0,1.8,2.2,-3.0,34.5
1641733,Nick Smith Jr.,1610612747,LAL,21.0,2,1,1,15.1,4.5,2.0,2.0,0.0,0.5,1.5,1.5,1.5,5.5,0.273,0.5,3.0,0.167,1.0,1.5,0.667,0.0,2.0,-6.0,16.6
1629638,Nickeil Alexander-Walker,1610612737,ATL,27.0,5,2,3,30.1,16.2,2.8,3.2,1.4,1.0,1.0,1.2,5.8,14.2,0.408,2.2,7.0,0.314,2.4,2.8,0.857,0.8,2.0,-7.2,38.5
201587,Nicolas Batum,1610612746,LAC,36.0,4,2,2,14.5,3.0,3.0,0.8,1.3,0.8,0.0,1.8,1.0,3.3,0.308,1.0,3.3,0.308,0.0,0.0,0.0,0.5,2.5,2.0,38.9
1628502,Nigel Hayes-Davis,1610612756,PHX,30.0,5,1,4,12.6,3.0,1.8,0.8,0.8,0.0,0.4,1.0,1.4,2.8,0.5,0.2,1.2,0.167,0.0,0.0,0.0,0.6,1.2,-4.8,25.7
203999,Nikola Jokic,1610612743,DEN,30.0,4,3,1,34.1,20.3,14.5,11.3,2.0,0.5,3.0,3.5,8.0,14.0,0.571,0.8,4.5,0.167,3.5,3.8,0.933,2.5,12.0,14.8,67.4
1631107,Nikola Jovic,1610612748,MIA,22.0,5,3,2,21.2,9.0,4.2,2.4,0.4,0.2,1.4,1.8,2.8,6.8,0.412,1.6,4.0,0.4,1.8,2.0,0.9,0.4,3.8,9.4,30.2
202696,Nikola Vucevic,1610612741,CHI,35.0,4,4,0,32.6,18.3,13.3,5.0,1.0,0.3,2.0,2.3,7.0,12.0,0.583,1.8,3.5,0.5,2.5,2.5,1.0,3.0,10.3,7.8,51.4
1642363,Nique Clifford,1610612758,SAC,23.0,1,0,1,23.7,2.0,8.0,2.0,2.0,1.0,1.0,4.0,1.0,3.0,0.333,0.0,0.0,0.0,0.0,0.0,0.0,3.0,5.0,3.0,34.9
1641730,Noah Clowney,1610612751,BKN,21.0,5,0,5,20.9,5.2,3.6,1.6,0.2,0.0,1.2,1.0,1.4,5.6,0.25,0.8,4.0,0.2,1.6,1.8,0.889,1.0,2.6,-7.8,14.1
1642869,Noah Penda,1610612753,ORL,20.0,3,1,2,11.8,3.3,2.0,0.7,0.0,0.0,0.3,2.0,1.3,2.0,0.667,0.3,0.3,1.0,0.3,0.7,0.5,1.0,1.0,-3.3,20.1
1642849,Nolan Traore,1610612751,BKN,19.0,2,0,2,14.8,3.5,0.5,2.0,1.0,0.0,1.0,2.5,1.0,4.0,0.25,1.0,2.5,0.4,0.5,1.0,0.5,0.0,0.5,-11.0,20.6
1626181,Norman Powell,1610612748,MIA,32.0,3,2,1,30.9,24.0,7.3,3.0,2.0,0.3,2.0,3.0,7.0,14.7,0.477,3.0,6.0,0.5,7.0,7.7,0.913,1.0,6.3,4.0,51.3
1628384,OG Anunoby,1610612752,NYK,28.0,4,2,2,34.2,14.3,7.0,2.3,2.3,0.8,2.3,2.8,4.8,12.8,0.373,2.8,8.5,0.324,2.0,2.8,0.727,1.5,5.5,4.5,34.2
1630167,Obi Toppin,1610612754,IND,27.0,3,0,3,27.4,14.0,6.7,1.7,1.0,0.0,2.0,2.3,5.0,12.0,0.417,1.0,5.7,0.176,3.0,3.0,1.0,1.0,5.7,-2.7,30.3
1630534,Ochai Agbaji,1610612761,TOR,25.0,5,1,4,14.5,3.4,1.6,0.8,0.8,0.0,0.2,1.8,1.2,3.2,0.375,0.2,1.6,0.125,0.8,1.2,0.667,0.2,1.4,-0.2,20.8
1641765,Olivier-Maxence Prosper,1610612763,MEM,23.0,4,2,2,8.9,5.5,2.8,0.3,0.0,0.0,0.8,0.5,1.5,2.5,0.6,0.0,0.5,0.0,2.5,2.5,1.0,1.0,1.8,-7.0,31.5
1630168,Onyeka Okongwu,1610612737,ATL,24.0,5,2,3,31.0,15.2,9.2,2.4,0.6,1.0,0.4,3.6,6.0,11.0,0.545,1.2,3.4,0.353,2.0,3.2,0.625,1.8,7.4,-6.4,41.5
1631115,Orlando Robinson,1610612753,ORL,25.0,1,1,0,1.9,0.0,0.0,0.0,0.0,0.0,0.0,1.0,0.0,0.0,0.0,0.0,0.0,0.0,0.0,0.0,0.0,0.0,0.0,-2.0,0.0
1642345,Oso Ighodaro,1610612756,PHX,23.0,5,1,4,17.7,4.8,3.2,1.2,0.0,0.4,1.2,2.8,2.2,4.8,0.458,0.0,0.0,0.0,0.4,1.2,0.333,0.4,2.8,-6.8,17.0
1631172,Ousmane Dieng,1610612760,OKC,22.0,3,3,0,8.5,0.7,1.0,0.0,0.0,0.7,0.3,1.3,0.3,2.0,0.167,0.0,1.3,0.0,0.0,0.0,0.0,0.0,1.0,-3.3,10.5
1629023,P.J. Washington,1610612742,DAL,27.0,5,2,3,33.4,15.2,8.2,2.4,0.8,1.0,3.2,2.8,5.6,11.4,0.491,1.4,3.6,0.389,2.6,4.4,0.591,1.4,6.8,-8.6,30.6
1641790,PJ Hall,1610612763,MEM,23.0,3,1,2,5.7,2.3,1.3,0.0,0.0,0.7,0.3,1.0,1.0,1.3,0.75,0.3,0.7,0.5,0.0,0.0,0.0,0.0,1.3,1.3,42.9
1631094,Paolo Banchero,1610612753,ORL,22.0,6,2,4,35.4,22.5,9.0,4.0,0.8,1.2,2.5,2.3,7.2,16.5,0.434,0.8,3.8,0.217,7.3,10.3,0.71,1.2,7.8,-5.0,38.8
1627783,Pascal Siakam,1610612754,IND,31.0,4,0,4,35.8,26.3,11.0,5.3,1.5,0.3,2.0,3.0,9.3,21.0,0.44,2.5,6.0,0.417,5.3,9.5,0.553,2.0,9.0,-1.5,47.2
1626192,Pat Connaughton,1610612766,CHA,32.0,2,1,1,2.1,2.0,0.0,0.5,0.0,0.0,0.0,0.0,1.0,1.0,1.0,0.0,0.0,0.0,0.0,0.5,0.0,0.0,0.0,4.5,60.0
1630311,Pat Spencer,1610612744,GSW,29.0,3,2,1,5.0,1.3,0.7,0.3,0.3,0.0,0.0,0.3,0.7,2.0,0.333,0.0,0.3,0.0,0.0,0.0,0.0,0.3,0.3,-4.7,23.0
1630172,Patrick Williams,1610612741,CHI,24.0,4,4,0,21.9,9.3,3.8,1.5,0.8,0.5,1.0,1.8,3.3,6.0,0.542,1.8,3.5,0.5,1.0,1.8,0.571,0.3,3.5,-0.3,34.3
1630194,Paul Reed,1610612765,DET,26.0,4,2,2,8.5,5.0,2.8,0.5,0.3,0.8,1.3,1.5,2.3,3.8,0.6,0.5,0.8,0.667,0.0,0.0,0.0,1.5,1.3,1.3,50.4
1630202,Payton Pritchard,1610612738,BOS,27.0,5,2,3,33.9,14.6,5.2,6.0,1.2,0.0,1.2,2.2,5.4,13.6,0.397,1.4,7.4,0.189,2.4,3.2,0.75,1.4,3.8,8.0,33.9
1641796,Pelle Larsson,1610612748,MIA,24.0,5,3,2,14.7,6.2,2.0,1.2,0.4,0.0,0.6,1.2,2.2,4.4,0.5,1.2,2.8,0.429,0.6,0.8,0.75,0.4,1.6,-0.8,29.3
1631212,Peyton Watson,1610612743,DEN,23.0,4,3,1,20.8,6.5,2.8,2.0,0.8,1.5,1.3,1.3,2.3,3.0,0.75,0.5,0.5,1.0,1.5,1.5,1.0,0.5,2.3,11.8,38.0
1629656,Quentin Grimes,1610612755,PHI,25.0,4,4,0,31.6,17.8,5.0,3.8,0.8,0.5,2.8,3.8,5.0,11.8,0.426,3.3,6.8,0.481,4.5,5.3,0.857,0.5,4.5,9.0,34.9
1631245,Quenton Jackson,1610612754,IND,27.0,2,0,2,13.7,6.0,2.5,0.0,0.5,0.0,1.0,2.0,2.5,4.5,0.556,0.5,1.5,0.333,0.5,1.0,0.5,0.5,2.0,-2.5,23.6
1642366,Quinten Post,1610612744,GSW,25.0,6,4,2,12.7,3.2,3.5,0.7,0.2,0.5,0.8,1.0,1.2,3.2,0.368,0.8,2.3,0.357,0.0,0.0,0.0,0.8,2.7,5.3,26.3
1629628,RJ Barrett,1610612761,TOR,25.0,5,1,4,31.2,19.2,4.4,3.2,1.4,0.4,2.2,3.0,7.6,13.2,0.576,1.6,4.4,0.364,2.4,3.0,0.8,0.4,4.0,-6.6,41.3
1642853,Rasheer Fleming,1610612756,PHX,21.0,2,0,2,6.6,1.5,1.0,1.0,0.5,0.0,0.0,1.0,0.5,2.5,0.2,0.5,1.5,0.333,0.0,0.0,0.0,1.0,0.0,-1.0,30.0
1642484,RayJ Dennis,1610612754,IND,24.0,3,0,3,28.5,12.0,3.0,5.3,0.7,1.0,2.0,3.7,4.0,10.3,0.387,2.3,5.7,0.412,1.7,2.0,0.833,1.7,1.3,-1.0,35.4
1641712,Rayan Rupert,1610612757,POR,21.0,3,3,0,6.2,1.0,1.7,0.7,0.7,0.0,0.3,0.7,0.3,0.7,0.5,0.3,0.7,0.5,0.0,0.0,0.0,0.3,1.3,3.3,37.7
1642263,Reed Sheppard,1610612745,HOU,21.0,4,2,2,22.5,10.0,3.3,3.5,1.3,0.5,1.8,1.3,3.5,10.0,0.35,2.0,5.5,0.364,1.0,1.3,0.8,0.8,2.5,-1.0,36.1
1642434,Riley Minix,1610612759,SAS,25.0,2,2,0,1.9,0.0,0.5,0.5,0.0,0.0,0.0,0.0,0.0,0.0,0.0,0.0,0.0,0.0,0.0,0.0,0.0,0.0,0.5,2.0,28.4
1642265,Rob Dillingham,1610612750,MIN,20.0,3,0,3,9.8,4.0,0.3,2.3,0.7,0.0,1.3,2.3,2.0,3.3,0.6,0.0,0.0,0.0,0.0,0.0,0.0,0.0,0.3,-4.7,35.9
1631199,Ron Harper Jr.,1610612738,BOS,25.0,1,1,0,1.4,0.0,0.0,0.0,0.0,0.0,0.0,0.0,0.0,0.0,0.0,0.0,0.0,0.0,0.0,0.0,0.0,0.0,0.0,4.0,0.0
1641842,Ronald Holland II,1610612765,DET,20.0,5,3,2,21.6,11.6,3.2,1.8,2.0,0.4,2.0,4.2,4.0,8.6,0.465,1.4,4.2,0.333,2.2,2.6,0.846,0.6,2.6,-1.8,40.6
1626220,Royce O'Neale,1610612756,PHX,32.0,5,1,4,33.3,13.0,5.8,3.4,1.6,0.2,2.0,3.2,4.4,10.8,0.407,3.8,9.2,0.413,0.4,0.8,0.5,1.8,4.0,-6.8,32.6
203497,Rudy Gobert,1610612750,MIN,33.0,5,2,3,31.7,8.6,8.4,1.2,0.2,1.4,1.2,3.6,3.4,5.0,0.68,0.0,0.0,0.0,1.8,3.4,0.529,3.2,5.2,-2.2,26.8
1629060,Rui Hachimura,1610612747,LAL,27.0,5,3,2,36.2,16.6,4.0,2.0,0.4,0.2,1.8,2.4,6.6,11.0,0.6,1.6,4.0,0.4,1.8,2.4,0.75,0.8,3.2,-1.0,26.4
201566,Russell Westbrook,1610612758,SAC,36.0,5,1,4,24.5,11.8,4.8,3.8,1.2,0.2,2.0,1.8,4.2,10.0,0.42,2.0,4.4,0.455,1.4,2.6,0.538,1.4,3.4,-2.4,36.7
1642346,Ryan Dunn,1610612756,PHX,22.0,5,1,4,21.9,8.0,6.0,1.8,0.6,1.2,0.8,3.2,3.6,7.0,0.514,0.8,2.8,0.286,0.0,0.4,0.0,2.2,3.8,-7.8,39.1
1641750,Ryan Kalkbrenner,1610612766,CHA,23.0,5,2,3,27.5,11.0,7.2,0.6,1.0,1.4,1.8,2.6,5.4,6.0,0.9,0.0,0.0,0.0,0.2,0.2,1.0,3.4,3.8,-0.6,39.5
1642948,Ryan Nembhard,1610612742,DAL,22.0,3,1,2,9.2,3.3,0.3,1.7,0.0,0.0,1.7,0.7,1.3,3.0,0.444,0.0,0.7,0.0,0.7,0.7,1.0,0.3,0.0,-8.3,12.5
1631157,Ryan Rollins,1610612749,MIL,23.0,5,4,1,31.1,18.6,3.6,5.0,2.4,0.2,2.0,3.0,6.6,12.6,0.524,2.4,5.4,0.444,3.0,3.4,0.882,1.4,2.2,5.8,47.6
1630180,Saddiq Bey,1610612740,NOP,26.0,4,0,4,25.2,10.0,3.5,1.8,1.3,0.0,0.8,0.5,3.5,9.3,0.378,2.3,5.5,0.409,0.8,1.5,0.5,1.5,2.0,-15.8,28.5
1630573,Sam Hauser,1610612738,BOS,27.0,5,2,3,24.2,12.8,3.0,0.8,0.4,0.4,1.2,1.6,4.2,9.2,0.457,4.0,8.8,0.455,0.4,0.4,1.0,0.4,2.6,3.8,31.8
1630241,Sam Merrill,1610612739,CLE,29.0,4,3,1,25.8,17.3,2.0,2.0,0.8,0.3,1.3,3.5,5.3,10.0,0.525,4.5,8.8,0.514,2.3,2.3,1.0,0.8,1.3,10.8,42.1
1630572,Sandro Mamukelashvili,1610612761,TOR,26.0,5,1,4,17.6,8.4,1.8,2.2,0.2,0.2,0.8,2.4,3.2,4.8,0.667,0.8,1.6,0.5,1.2,1.8,0.667,0.2,1.6,1.4,33.5
1630583,Santi Aldama,1610612763,MEM,24.0,5,3,2,23.6,11.0,7.6,2.4,1.6,0.8,1.2,1.6,4.8,10.0,0.48,1.2,3.8,0.316,0.2,1.2,0.167,2.0,5.6,4.0,46.3
1630567,Scottie Barnes,1610612761,TOR,24.0,5,1,4,32.8,22.2,6.0,4.4,1.4,0.8,2.2,3.8,8.4,15.6,0.538,2.2,4.0,0.55,3.2,4.0,0.8,1.2,4.8,-4.6,48.2
1631101,Shaedon Sharpe,1610612757,POR,22.0,5,3,2,27.9,17.0,4.4,1.6,1.6,0.0,3.6,2.4,5.8,17.8,0.326,1.8,7.6,0.237,3.6,3.6,1.0,1.2,3.2,3.6,25.0
1628983,Shai Gilgeous-Alexander,1610612760,OKC,27.0,6,6,0,36.9,34.2,5.7,5.7,1.2,1.3,2.0,1.8,12.3,23.7,0.521,1.7,6.0,0.278,7.8,9.0,0.87,0.2,5.5,7.0,57.2
1630536,Sharife Cooper,1610612764,WAS,24.0,2,0,2,2.0,0.0,0.0,0.0,0.0,0.0,0.5,0.0,0.0,0.0,0.0,0.0,0.0,0.0,0.0,0.0,0.0,0.0,0.0,-2.5,-18.0
1631321,Sidy Cissoko,1610612757,POR,21.0,1,1,0,1.2,0.0,0.0,0.0,0.0,0.0,0.0,0.0,0.0,0.0,0.0,0.0,0.0,0.0,0.0,0.0,0.0,0.0,0.0,0.0,0.0
1631323,Simone Fontecchio,1610612748,MIA,29.0,5,3,2,21.5,13.8,2.6,1.8,0.6,0.2,0.8,2.6,4.8,8.0,0.6,3.2,5.4,0.593,1.0,1.2,0.833,0.6,2.0,10.2,43.8
1642883,Sion James,1610612766,CHA,22.0,5,2,3,21.3,8.2,2.6,1.4,0.8,0.4,0.6,0.8,2.8,4.4,0.636,1.6,2.2,0.727,1.0,1.0,1.0,0.6,2.0,-1.6,33.8
1642461,Spencer Jones,1610612743,DEN,24.0,4,3,1,3.8,0.5,0.3,0.0,0.5,0.0,1.0,0.8,0.3,0.8,0.333,0.0,0.5,0.0,0.0,0.0,0.0,0.3,0.0,-1.0,5.6
201939,Stephen Curry,1610612744,GSW,37.0,6,4,2,31.1,27.0,4.2,4.8,1.7,0.7,2.7,1.7,8.7,17.7,0.491,4.3,10.3,0.419,5.3,5.5,0.97,0.2,4.0,5.0,56.4
1642264,Stephon Castle,1610612759,SAS,20.0,5,5,0,31.6,18.8,6.0,5.4,1.8,0.4,5.4,2.8,6.2,11.6,0.534,1.4,4.2,0.333,5.0,8.4,0.595,1.4,4.6,7.4,36.9
203500,Steven Adams,1610612745,HOU,32.0,4,2,2,24.4,7.8,10.8,1.5,1.0,0.5,1.5,2.5,2.5,3.8,0.667,0.0,0.0,0.0,2.8,3.0,0.917,6.0,4.8,8.0,37.7
1629004,Svi Mykhailiuk,1610612762,UTA,28.0,4,2,2,27.1,9.0,2.5,1.8,1.5,0.0,1.0,1.0,3.3,6.0,0.542,2.0,4.3,0.471,0.5,0.5,1.0,1.3,1.3,15.3,28.8
1643007,Taelon Peter,1610612754,IND,23.0,2,0,2,9.4,1.5,0.0,0.5,0.5,0.0,0.5,1.0,0.5,1.0,0.5,0.5,1.0,0.5,0.0,0.0,0.0,0.0,0.0,-4.0,15.3
1631106,Tari Eason,1610612745,HOU,24.0,4,2,2,24.6,10.8,5.3,2.8,0.8,0.5,2.5,1.8,4.3,8.5,0.5,2.0,3.8,0.533,0.3,0.8,0.333,1.0,4.3,4.0,34.3
1627752,Taurean Prince,1610612749,MIL,31.0,5,4,1,22.8,8.0,1.4,1.4,1.0,0.4,0.8,2.2,2.8,5.0,0.56,1.8,3.4,0.529,0.6,0.6,1.0,0.0,1.4,4.2,29.3
1641707,Taylor Hendricks,1610612762,UTA,21.0,4,2,2,17.3,5.0,4.8,0.3,0.5,0.5,0.8,0.8,1.8,4.5,0.389,0.5,2.3,0.222,1.0,1.5,0.667,2.0,2.8,-1.8,24.7
1629611,Terance Mann,1610612751,BKN,29.0,5,0,5,25.3,11.2,3.8,2.4,1.0,0.0,0.6,3.4,4.4,7.8,0.564,1.4,3.8,0.368,1.0,1.2,0.833,2.0,1.8,-7.2,35.2
1630545,Terrence Shannon Jr.,1610612750,MIN,25.0,5,2,3,18.0,4.4,3.0,1.4,0.8,0.0,1.2,2.0,1.6,4.8,0.333,0.8,1.8,0.444,0.4,0.6,0.667,0.6,2.4,-7.4,20.0
203648,Thanasis Antetokounmpo,1610612749,MIL,33.0,1,1,0,1.7,0.0,0.0,0.0,0.0,0.0,0.0,0.0,0.0,1.0,0.0,0.0,0.0,0.0,0.0,0.0,0.0,0.0,0.0,-2.0,-21.1
1628418,Thomas Bryant,1610612739,CLE,28.0,2,1,1,4.8,2.0,1.0,0.0,0.0,0.0,0.0,2.0,1.0,3.0,0.333,0.0,1.5,0.0,0.0,0.0,0.0,0.5,0.5,-8.5,15.0
1642275,Tidjane Salaun,1610612766,CHA,20.0,5,2,3,13.8,4.0,4.8,0.8,0.4,0.2,0.4,1.4,1.2,2.8,0.429,0.8,1.6,0.5,0.8,1.2,0.667,1.0,3.8,4.4,31.3
203501,Tim Hardaway Jr.,1610612743,DEN,33.0,4,3,1,23.5,11.3,1.0,1.0,0.5,0.0,0.3,2.3,4.0,7.8,0.516,2.5,5.3,0.476,0.8,1.0,0.75,0.3,0.8,11.0,27.8
202699,Tobias Harris,1610612765,DET,33.0,5,3,2,31.6,14.0,6.0,3.2,1.0,0.2,1.4,3.0,5.0,11.8,0.424,1.4,4.6,0.304,2.6,2.6,1.0,1.0,5.0,-2.8,31.8
1642449,Tolu Smith,1610612765,DET,25.0,1,0,1,6.1,11.0,4.0,0.0,1.0,0.0,1.0,0.0,3.0,4.0,0.75,0.0,0.0,0.0,5.0,7.0,0.714,2.0,2.0,12.0,100.3
1628396,Tony Bradley,1610612754,IND,27.0,4,0,4,13.8,6.3,3.3,0.5,0.5,0.5,0.3,2.8,3.0,4.0,0.75,0.0,0.3,0.0,0.3,1.3,0.2,2.0,1.3,-3.8,39.1
1641739,Toumani Camara,1610612757,POR,25.0,5,3,2,32.4,11.0,5.2,3.8,1.2,0.2,1.0,2.8,4.0,10.2,0.392,1.6,5.2,0.308,1.4,1.6,0.875,2.4,2.8,3.0,29.5
1629027,Trae Young,1610612737,ATL,27.0,5,2,3,27.8,17.8,2.0,7.8,0.8,0.2,2.0,1.8,5.2,14.0,0.371,1.0,5.2,0.192,6.4,7.8,0.821,0.0,2.0,-4.8,40.6
1631218,Trayce Jackson-Davis,1610612744,GSW,25.0,3,2,1,8.8,2.7,1.7,0.7,0.7,0.3,0.3,1.3,0.7,2.0,0.333,0.0,0.0,0.0,1.3,1.3,1.0,0.3,1.3,-3.0,35.1
1642848,Tre Johnson,1610612764,WAS,19.0,5,1,4,26.8,13.8,3.4,2.0,0.2,0.6,1.2,2.8,5.0,11.2,0.446,2.6,6.6,0.394,1.2,1.2,1.0,1.0,2.4,-3.2,31.4
1630200,Tre Jones,1610612741,CHI,25.0,4,4,0,30.2,12.5,3.5,7.5,3.0,0.3,2.5,2.0,4.5,7.8,0.581,1.3,2.0,0.625,2.3,3.0,0.75,0.8,2.8,9.5,48.8
1630544,Tre Mann,1610612766,CHA,24.0,5,2,3,19.5,6.6,3.0,2.6,0.8,0.0,2.0,2.0,2.4,8.4,0.286,1.0,4.4,0.227,0.8,1.0,0.8,0.8,2.2,-5.4,20.6
1630570,Trendon Watford,1610612755,PHI,24.0,1,1,0,18.3,2.0,4.0,3.0,0.0,0.0,1.0,1.0,1.0,3.0,0.333,0.0,1.0,0.0,0.0,0.0,0.0,1.0,3.0,7.0,17.7
1641998,Trey Jemison III,1610612752,NYK,25.0,1,1,0,7.7,0.0,2.0,0.0,0.0,0.0,0.0,0.0,0.0,0.0,0.0,0.0,0.0,0.0,0.0,0.0,0.0,1.0,1.0,3.0,9.3
1630530,Trey Murphy III,1610612740,NOP,25.0,4,0,4,35.8,12.8,7.3,3.3,1.0,0.0,0.8,2.3,4.5,13.0,0.346,1.3,5.8,0.217,2.5,2.8,0.909,1.5,5.8,-13.0,26.2
1641774,Tristan Vukcevic,1610612764,WAS,22.0,4,1,3,5.9,2.8,1.3,0.3,0.0,0.3,0.3,0.5,1.0,2.3,0.444,0.3,0.8,0.333,0.5,1.0,0.5,0.0,1.3,3.3,29.2
1641783,Tristan da Silva,1610612753,ORL,24.0,6,2,4,20.7,12.2,3.0,1.0,1.2,0.2,0.7,0.8,4.0,8.5,0.471,1.8,4.8,0.379,2.3,2.7,0.875,0.8,2.2,5.8,38.7
1642278,Tyler Kolek,1610612752,NYK,24.0,4,2,2,12.0,4.8,0.8,2.0,0.3,0.0,1.0,1.8,2.0,4.8,0.421,0.8,2.8,0.273,0.0,0.0,0.0,0.5,0.3,-0.8,26.4
1631213,Tyrese Martin,1610612751,BKN,26.0,5,0,5,18.0,7.2,3.4,2.4,0.4,0.0,0.8,0.8,2.6,6.6,0.394,1.4,4.0,0.35,0.6,0.6,1.0,1.6,1.8,-3.4,30.8
1630178,Tyrese Maxey,1610612755,PHI,24.0,4,4,0,43.0,37.5,3.8,8.3,1.0,0.8,2.0,3.0,11.5,25.3,0.455,4.5,9.5,0.474,10.0,11.5,0.87,0.3,3.5,5.8,51.7
1642878,Tyrese Proctor,1610612739,CLE,21.0,4,2,2,11.7,2.5,1.0,0.8,0.5,0.0,1.0,1.5,1.0,4.0,0.25,0.5,2.5,0.2,0.0,0.0,0.0,0.0,1.0,-7.8,11.0
1630623,Tyson Etienne,1610612751,BKN,26.0,1,0,1,5.4,0.0,0.0,0.0,0.0,0.0,0.0,0.0,0.0,1.0,0.0,0.0,1.0,0.0,0.0,0.0,0.0,0.0,0.0,2.0,-6.6
1626145,Tyus Jones,1610612753,ORL,29.0,6,2,4,15.1,2.3,1.0,1.5,0.5,0.3,0.7,0.8,1.0,3.3,0.3,0.3,2.0,0.167,0.0,0.0,0.0,0.5,0.5,-4.7,16.9
1642845,VJ Edgecombe,1610612755,PHI,20.0,4,4,0,40.2,22.3,5.8,5.5,1.5,0.5,2.0,3.5,8.3,17.5,0.471,3.0,7.0,0.429,2.8,3.5,0.786,1.3,4.5,7.8,39.8
1641705,Victor Wembanyama,1610612759,SAS,21.0,5,5,0,33.8,30.2,14.6,3.4,1.4,4.8,1.8,3.4,10.8,19.2,0.563,1.0,3.2,0.313,7.6,9.6,0.792,1.8,12.8,14.0,79.0
1630249,Vit Krejci,1610612737,ATL,25.0,2,1,1,17.9,9.0,2.0,1.0,1.0,0.0,1.0,2.0,3.0,6.5,0.462,2.0,4.5,0.444,1.0,1.5,0.667,0.5,1.5,-6.5,32.1
1631117,Walker Kessler,1610612762,UTA,24.0,4,2,2,31.4,17.0,10.3,3.5,1.5,2.3,3.3,4.5,6.0,8.0,0.75,1.5,2.0,0.75,3.5,5.0,0.7,4.8,5.5,5.0,53.7
1642383,Walter Clayton Jr.,1610612762,UTA,22.0,4,2,2,19.4,7.5,3.8,3.0,0.8,0.0,1.8,2.3,2.8,6.5,0.423,1.0,3.5,0.286,1.0,1.0,1.0,1.3,2.5,-3.5,31.5
1628976,Wendell Carter Jr.,1610612753,ORL,26.0,6,2,4,27.9,10.5,8.2,1.7,0.8,0.7,1.8,4.2,3.0,6.5,0.462,1.2,2.2,0.538,3.3,4.8,0.69,3.8,4.3,-3.0,30.5
1642954,Will Richard,1610612744,GSW,22.0,6,4,2,13.7,5.7,1.7,1.3,1.3,0.0,0.7,1.7,2.0,3.2,0.632,0.8,2.0,0.417,0.8,1.0,0.833,0.5,1.2,-7.5,39.9
1642860,Will Riley,1610612764,WAS,19.0,4,1,3,5.6,3.0,1.3,0.5,0.5,0.0,0.0,0.0,1.0,2.0,0.5,0.3,0.8,0.333,0.8,1.0,0.75,0.0,1.3,0.0,47.5
1630214,Xavier Tillman,1610612738,BOS,26.0,4,2,2,9.8,3.8,2.8,0.5,0.5,0.3,0.3,1.5,1.8,3.3,0.538,0.3,1.0,0.25,0.0,0.0,0.0,1.3,1.5,-0.5,39.6
1642905,Yang Hansen,1610612757,POR,20.0,5,3,2,5.8,1.8,0.8,0.0,0.0,0.4,0.6,0.8,0.4,1.8,0.222,0.0,0.6,0.0,1.0,1.2,0.833,0.6,0.2,-3.0,11.1
1642949,Yanic Konan Niederhauser,1610612746,LAC,22.0,3,1,2,4.4,3.3,1.0,0.7,0.0,0.0,0.0,0.3,1.3,1.3,1.0,0.0,0.0,0.0,0.7,1.3,0.5,0.7,0.3,3.7,52.3
1642274,Yves Missi,1610612740,NOP,21.0,3,0,3,22.2,8.7,6.0,1.3,0.3,1.0,1.3,2.7,3.3,4.7,0.714,0.0,0.0,0.0,2.0,4.0,0.5,2.3,3.7,-2.7,32.1
1642258,Zaccharie Risacher,1610612737,ATL,20.0,3,1,2,22.9,8.7,1.7,0.0,0.3,0.7,0.3,1.3,3.3,8.3,0.4,1.0,3.3,0.3,1.0,1.3,0.75,0.7,1.0,-1.3,20.1
203897,Zach LaVine,1610612758,SAC,30.0,5,1,4,36.6,29.2,3.0,1.6,0.4,0.2,2.2,1.8,10.6,19.6,0.541,3.2,8.4,0.381,4.8,5.0,0.96,0.2,2.8,-10.0,37.3
1630192,Zeke Nnaji,1610612743,DEN,24.0,3,3,0,3.5,2.0,0.3,0.3,0.0,0.0,0.3,1.3,0.7,1.3,0.5,0.0,0.7,0.0,0.7,0.7,1.0,0.3,0.0,-2.3,24.6
1630533,Ziaire Williams,1610612751,BKN,24.0,3,0,3,18.5,10.3,2.0,0.3,1.3,0.0,0.0,3.3,3.3,6.7,0.5,2.3,5.0,0.467,1.3,1.7,0.8,1.0,1.0,-2.3,38.7
1629627,Zion Williamson,1610612740,NOP,25.0,3,0,3,32.2,21.7,6.3,4.7,3.0,0.3,3.3,2.0,7.3,15.7,0.468,0.0,0.0,0.0,7.0,10.7,0.656,3.3,3.0,-2.0,43.8
